Price,Close,High,Low,Open,Volume
Ticker,9251.T,9251.T,9251.T,9251.T,9251.T
Date,,,,,
2021-11-19,1297.8382568359375,1360.2258778483624,1230.178442498519,1230.178442498519,3025400
2021-11-22,1144.9447021484375,1304.8679068997926,1144.9447021484375,1297.8383154821506,1170100
2021-11-24,1188.8795166015625,1238.0866510654853,1136.157586818788,1137.036285648501,448400
2021-11-25,1201.1812744140625,1217.8765518199639,1143.187152898826,1143.187152898826,120700
2021-11-26,1143.1871337890625,1215.2404350732309,1109.7965795354235,1174.8202904504046,175500
2021-11-29,1083.435546875,1108.9178103457016,1080.799450653893,1090.465136797952,209200
2021-11-30,1025.44140625,1098.3734000107113,1016.6544190499143,1085.1929192105827,221600
2021-12-01,1178.3350830078125,1265.3262636325503,1028.0775892014472,1028.0775892014472,483100
2021-12-02,1187.1221923828125,1216.9979544412993,1102.767099511791,1128.2493671499121,198400
2021-12-03,1324.19921875,1324.19921875,1204.696170475282,1229.299739237724,357900
2021-12-06,1266.205078125,1390.1016194266135,1265.3263792505204,1335.6222892088826,302000
2021-12-07,1342.65185546875,1386.5867983833034,1203.8174358587614,1240.7227879069862,272800
2021-12-08,1344.4093017578125,1390.1016440397773,1318.9270339467166,1388.3442462597018,363600
2021-12-09,1346.1666259765625,1353.1962167127326,1300.4742861914574,1318.0482630318825,116100
2021-12-10,1247.75244140625,1326.835342622139,1245.9950436014524,1314.5335579885564,121500
2021-12-13,1291.687255859375,1314.5334250106293,1240.722724675808,1249.5097128109057,76100
2021-12-14,1260.0540771484375,1298.7168242854887,1247.7522939684668,1267.9623663355617,59700
2021-12-15,1291.687255859375,1291.687255859375,1168.669421968006,1207.3321697624363,116600
2021-12-16,1191.515625,1413.8264311393805,1181.8499377765486,1405.9181415929202,642400
2021-12-17,1194.151611328125,1208.2107914467783,1124.7344094922737,1138.793589610927,212800
2021-12-20,1097.494873046875,1175.6990713664682,1080.7995947539282,1152.8529010708567,197900
2021-12-21,1111.5540771484375,1175.699095039217,1072.0126277637105,1123.8558614014637,147600
2021-12-22,1187.1221923828125,1192.3943856872513,1119.4623783091806,1122.0984749614001,58500
2021-12-23,1124.7344970703125,1209.089584350586,1124.7344970703125,1187.1221137046814,59500
2021-12-24,1108.039306640625,1142.308563547036,1089.5866298448652,1133.5215745966743,48400
2021-12-27,1153.731689453125,1181.8500550757449,1134.4003130875737,1134.4003130875737,81600
2021-12-28,1195.030517578125,1220.5127859676586,1173.0630448285272,1173.0630448285272,74800
2021-12-29,1236.3292236328125,1243.3588141012294,1175.6990058427173,1196.7877772479678,92400
2021-12-30,1225.7847900390625,1260.054042233703,1202.0599231350807,1234.5717777812781,60800
2022-01-04,1238.96533203125,1287.2937669686391,1238.96533203125,1243.358826116467,85900
2022-01-05,1169.5482177734375,1247.7524186613682,1155.4890355913376,1230.1784409337433,71700
2022-01-06,1099.252197265625,1155.4889203871278,1076.4060284975144,1138.7936432104316,145700
2022-01-07,1091.343994140625,1151.9742160373264,1090.465295272557,1139.6724318843724,84200
2022-01-11,1125.6131591796875,1146.7019303118595,1087.8291109012125,1117.704870005123,78100
2022-01-12,1125.6131591796875,1224.9061232603312,1125.6131591796875,1169.5480990383794,69200
2022-01-13,1037.743408203125,1124.7345999153258,1022.8055267979995,1122.0985031967743,225300
2022-01-14,970.08349609375,1023.6841240482054,949.8734232584635,1014.0184370400249,235700
2022-01-17,916.4828491210938,965.6899819598102,872.5479090865256,959.5390903549707,393300
2022-01-18,914.7254638671875,966.5686938077869,912.0893674295298,927.9059460554754,118000
2022-01-19,883.9710083007812,940.2077324869144,867.275730808023,904.1810810551729,149400
2022-01-20,891.8793334960938,910.3320093615301,863.7609702725715,890.1219357946236,96400
2022-01-21,905.059814453125,906.8172121510922,875.184053587682,875.184053587682,95500
2022-01-24,905.059814453125,912.0894052449939,875.184053587682,892.7580305673544,122700
2022-01-25,899.7876586914062,915.6042386293411,876.9414876699448,905.0598520040512,140400
2022-01-26,932.2993774414062,964.8112313201358,915.6041011253019,924.3910886600936,74300
2022-01-27,931.4208374023438,984.1427715949293,896.2728812739534,965.6900946275243,99500
2022-01-28,934.056884765625,949.8734641878086,902.4237259212576,931.420788195261,41000
2022-01-31,1015.7758178710938,1049.1663724377906,954.2669015640206,962.1751908035014,88900
2022-02-01,1042.1368408203125,1070.2552041476733,1014.8971763469317,1022.805466032752,87000
2022-02-02,1096.6162109375,1102.7671031462842,1054.4386643629807,1060.589556571765,77100
2022-02-03,1037.743408203125,1082.5570524185011,1017.5333333608964,1082.5570524185011,67600
2022-02-04,1067.619140625,1079.9209249614196,997.3232301311727,1011.3824122299382,41200
2022-02-07,1055.3173828125,1067.6191674581078,1032.4712113278,1067.6191674581078,16600
2022-02-08,1085.193115234375,1109.796683838879,1045.651665691422,1045.651665691422,34000
2022-02-09,1114.190185546875,1133.5215610058901,1072.8913379753426,1098.3736056258626,21900
2022-02-10,1101.0096435546875,1140.5510912481918,1098.3735470417873,1140.5510912481918,22200
2022-02-14,1081.6783447265625,1093.1014304141704,1041.2581953704116,1052.6812810580195,22200
2022-02-15,1054.4385986328125,1124.7345052083333,1043.8942126464844,1071.1338764444988,54200
2022-02-16,1038.6220703125,1093.9800994408313,1019.2906950613367,1093.9800994408313,79000
2022-02-17,1045.651611328125,1067.6190821543462,1028.956333500197,1037.7433218306853,35000
2022-02-18,1080.799560546875,1097.4948383114202,1034.228522572091,1045.6516073583587,34400
2022-02-21,1013.1398315429688,1080.7996468324818,998.201950245284,1054.4386798365676,70600
2022-02-22,975.355712890625,1023.6841491149353,959.5391337626689,999.0805815825591,57700
2022-02-24,952.509521484375,966.5687026132957,922.6337615854186,952.509521484375,75700
2022-02-25,998.201904296875,1005.2314951722052,961.296552201392,1005.2314951722052,41900
2022-02-28,1019.290771484375,1041.2582450077452,950.7522540914601,958.6605445598734,89100
2022-03-01,1036.86474609375,1061.4683163400423,1021.0481652211334,1045.6517354674259,29000
2022-03-02,1005.2313842773438,1035.9858409641506,993.8083003651012,1012.2609743771853,31600
2022-03-03,1018.4120483398438,1054.4387040619608,1002.5954677789143,1041.2582202611864,18400
2022-03-04,941.0864868164062,987.6575267802433,896.2728445870536,987.6575267802433,95400
2022-03-07,905.059814453125,927.9059845266991,884.8497409265018,900.6663202082069,48700
2022-03-08,841.7935791015625,912.9681927834273,817.1900089399302,878.6989343440109,159600
2022-03-09,847.0657348632812,869.9119061355274,838.2787459124173,854.9740249190587,48500
2022-03-10,862.0035400390625,909.4532761880017,861.1248412214895,909.4532761880017,58400
2022-03-11,853.2166137695312,876.0627846840604,834.7639372616422,852.3379148882032,35700
2022-03-14,858.48876953125,884.8497348188012,857.6100706883316,859.3674683741683,24800
2022-03-15,873.4266357421875,887.4858170016191,859.3674544827559,863.7609486263283,38900
2022-03-16,869.911865234375,901.5450239701705,862.0035755504261,899.7876262626263,153400
2022-03-17,738.1070556640625,738.1070556640625,738.1070556640625,738.1070556640625,24600
2022-03-18,659.024169921875,692.4147278645834,646.7223854166667,659.024169921875,1010700
2022-03-22,650.2371826171875,671.3259561074747,650.2371826171875,661.6602682577598,226600
2022-03-23,677.4768676757812,688.8999536417801,652.8732979028605,657.2667925051678,198100
2022-03-24,659.90283203125,684.5063996702313,654.630638965754,664.2963262524967,150300
2022-03-25,698.5656127929688,716.139590473295,664.2963563163325,668.6898507364141,188100
2022-03-28,674.8406982421875,709.9886512756348,673.0833005905151,702.9590606689453,185900
2022-03-29,694.1720581054688,705.5951426059385,684.5063712204559,687.1424676436412,74300
2022-03-30,692.4146728515625,702.9590587325508,677.4767928534958,694.172070498394,113400
2022-03-31,699.4442749023438,699.4442749023438,685.3850934972716,691.5359853619906,42400
2022-04-01,720.532958984375,737.2282348632813,699.444189453125,706.473779296875,111600
2022-04-04,747.772705078125,760.0744887104325,731.0774272914218,731.0774272914218,91400
2022-04-05,775.0123901367188,790.828969527264,762.7106061662946,771.4975947165975,119400
2022-04-06,755.6810302734375,780.2845987009448,752.1662347837937,775.012405466479,123000
2022-04-07,725.8052368164062,765.3466843427238,723.1691403146517,760.953190173133,117300
2022-04-08,709.1099853515625,744.2579400158284,704.7164910185293,744.2579400158284,81600
2022-04-11,692.4146728515625,707.3525528496292,685.385082264237,705.5951552027979,67500
2022-04-12,682.7490234375,702.0803986184845,680.9916256937742,690.6573132842665,52800
2022-04-13,693.2933959960938,698.5655891215393,688.8999017248891,690.657299433371,43500
2022-04-14,702.9590454101562,716.1395275115966,695.0507561492919,706.473840637207,56300
2022-04-15,688.021240234375,700.3230248618095,684.5064446265366,698.5656270578903,50100
2022-04-18,694.1720581054688,694.1720581054688,672.2045879122577,692.4146604900119,48700
2022-04-19,706.473876953125,707.3525758050567,695.0507918780122,703.8377803973298,39100
2022-04-20,701.20166015625,717.8969377790179,695.0507684004934,715.260841312265,49800
2022-04-21,709.9887084960938,716.1396007726688,698.5656228395972,698.5656228395972,41000
2022-04-22,704.7164306640625,711.7460209948762,696.8081415418973,709.9886234121727,29700
2022-04-25,681.870361328125,702.9591353898196,676.5981678127014,702.9591353898196,68800
2022-04-26,697.6868896484375,697.6868896484375,686.2638045534379,694.1720942345914,23300
2022-04-27,685.3851318359375,691.5360240447216,672.2046485314003,688.021228496845,36000
2022-04-28,685.3851318359375,689.7786262707833,677.4768418532152,683.6277340619993,30500
2022-05-02,677.4768676757812,685.3851579599343,675.7194698348583,676.5981687553198,43600
2022-05-06,669.5685424804688,679.234230101578,668.6898436058225,678.3555312269316,37500
2022-05-09,650.2371826171875,669.5685583166174,646.7223870354729,669.5685583166174,86900
2022-05-10,644.0862426757812,649.3584356581206,629.1483625591534,648.4797368277307,73100
2022-05-11,656.3880615234375,674.8407379518072,645.8436749929405,657.2667604009789,71300
2022-05-12,632.6631469726562,656.3880149841308,632.6631469726562,656.3880149841308,47200
2022-05-13,632.6631469726562,644.9649303860134,631.7844481574165,635.2992434183757,55400
2022-05-16,632.6631469726562,647.6010268317328,631.7844481574165,645.8436292012532,42600
2022-05-17,622.9974975585938,638.8140771863154,622.9974975585938,632.6631851088681,55700
2022-05-18,641.4501953125,648.4797864940068,623.8762173587329,630.9058085402397,220700
2022-05-19,622.9974975585938,645.8436681319695,622.9974975585938,633.5418839770748,92300
2022-05-20,649.3583984375,649.3583984375,615.0891460165765,632.66312161705,106100
2022-05-23,663.4176025390625,665.1750001616825,641.4501322563121,649.3584215581022,85900
2022-05-24,634.4205932617188,663.4176563886394,634.4205932617188,663.4176563886394,65100
2022-05-25,634.4205932617188,643.2075820880583,628.269701083281,640.5714854401565,41400
2022-05-26,643.2075805664062,646.7223760886271,629.1483984775231,632.6631939997438,41200
2022-05-27,632.6631469726562,647.6010268317328,632.6631469726562,641.4501351250542,27200
2022-05-30,643.2075805664062,647.6010749691823,634.4205917608543,644.0862794469615,52700
2022-05-31,641.4501953125,659.0241732662671,640.5714964148117,650.2371842893835,48700
2022-06-01,635.2991943359375,649.3583742935792,630.9057005991745,643.207483062111,70300
2022-06-02,623.876220703125,634.4206075319102,615.967930581536,633.5419086295115,121600
2022-06-03,642.328857421875,646.7223516586866,628.2696758640774,628.2696758640774,88000
2022-06-06,652.873291015625,659.0241833939688,636.1780117029779,644.0863019037055,75700
2022-06-07,629.1483764648438,658.1454385086145,629.1483764648438,658.1454385086145,107600
2022-06-08,624.7548828125,630.027075916403,621.240087409898,630.027075916403,107500
2022-06-09,641.4501953125,646.7223886986302,626.512314051798,629.148410744863,113000
2022-06-10,628.2696533203125,635.2992438469734,624.7548580569821,634.4205450311407,95900
2022-06-13,606.3021240234375,624.7547973632812,603.6660278320313,624.7547973632812,236400
2022-06-14,601.0299682617188,604.5447633977523,593.1216792056435,604.5447633977523,132700
2022-06-15,643.2075805664062,673.0833425052831,616.8466141497503,617.7253130303055,599400
2022-06-16,680.1129760742188,689.7786643646792,628.2697388799307,645.8437175898589,228300
2022-06-17,639.6927490234375,670.4472081111028,630.0270618815998,659.0241233071129,169400
2022-06-20,612.453125,658.1454671807747,605.4235338952655,658.1454671807747,143400
2022-06-21,655.5093383789062,659.9028326039659,622.9974811134645,630.905770718572,87600
2022-06-22,664.2963256835938,671.3259164315683,647.6010476571543,654.6306384051288,40800
2022-06-23,636.1779174804688,658.145387006728,631.7844235752169,658.145387006728,60400
2022-06-24,648.479736328125,656.3880257955411,637.0566515418571,646.7223386686992,37000
2022-06-27,690.6573486328125,694.1721443001551,663.4176822109076,667.8111767950859,118500
2022-06-28,710.8673095703125,713.5034058975201,686.2637438497084,694.1720328313311,96500
2022-06-29,718.7756958007812,738.1070714824648,703.8378145922076,711.7461046438053,169300
2022-06-30,716.1395874023438,725.8052750850748,696.8082120368817,721.4117806838334,58500
2022-07-01,696.8081665039062,716.1395406061583,683.6276841614616,716.1395406061583,71300
2022-07-04,697.6868896484375,716.1395655711292,688.8999011138225,709.9886735968986,42200
2022-07-05,705.5951538085938,707.3525514519526,694.1720691267609,698.5655632351582,23400
2022-07-06,704.7164306640625,734.5921895700203,704.7164306640625,714.3821173689312,42600
2022-07-07,695.05078125,717.8969510508849,695.05078125,717.8969510508849,32100
2022-07-08,694.1720581054688,706.473841413667,693.2933592977403,704.7164437982101,45500
2022-07-11,755.6810302734375,764.4680189975472,708.2312911632449,714.3821832701218,229600
2022-07-12,790.8289794921875,820.7047409396702,769.7402067057292,775.8910987684461,245600
2022-07-13,789.0714721679688,818.9472294660878,777.6483884951584,808.4028445373399,113100
2022-07-14,782.0419311523438,801.3733047313904,758.3170635780591,797.8585095352001,73500
2022-07-15,781.1632690429688,793.465052807425,767.104087597876,782.041967883287,52700
2022-07-19,763.5892944335938,789.9502597189883,756.5597036908218,789.9502597189883,39100
2022-07-20,758.3170776367188,784.6780420968596,758.3170776367188,776.7697527588173,43500
2022-07-21,761.8319091796875,771.4975966087262,755.6810171793901,758.3171137509462,27400
2022-07-22,739.8643798828125,760.0744520173787,737.2282835174343,760.0744520173787,49700
2022-07-25,760.074462890625,766.2253544978323,745.1365832731213,753.044872482388,31200
2022-07-26,767.1041259765625,767.9828248608426,756.5597393652008,764.468029323722,18100
2022-07-27,789.9502563476562,792.5863528649454,772.3762795657284,772.3762795657284,49700
2022-07-28,764.468017578125,796.1011769261854,764.468017578125,792.5863814430676,41000
2022-07-29,791.7076416015625,808.4029192823946,780.2845568725721,784.678050999107,63900
2022-08-01,799.6159057617188,807.5241949395819,786.4354237986136,804.8880985469609,31200
2022-08-02,790.8289794921875,804.009462483724,787.3141840277777,804.009462483724,26300
2022-08-03,773.2550048828125,791.7076811356977,760.0745218450372,791.7076811356977,51800
2022-08-04,752.1661376953125,774.1336066700588,752.1661376953125,773.2549079110689,38500
2022-08-05,756.5597534179688,760.0745490203751,748.6514633125545,755.6810545173672,31300
2022-08-08,762.7105712890625,762.7105712890625,739.8644021029846,751.2874866960235,30700
2022-08-09,762.7105712890625,762.7105712890625,751.2874866960235,761.8318724742134,12600
2022-08-10,760.074462890625,764.4679568957731,755.6809688854769,764.4679568957731,15000
2022-08-12,748.6514892578125,764.4680700167803,748.6514892578125,764.4680700167803,28500
2022-08-15,747.772705078125,753.9235968942788,746.0153074163668,751.2875004016414,19900
2022-08-16,770.6188354492188,770.6188354492188,739.8643779341415,751.2874621540274,31700
2022-08-17,794.34375,797.8585453539822,780.2845685840707,781.1632674225664,71800
2022-08-18,816.3111572265625,816.3111572265625,785.5567002804595,795.2223867492347,40300
2022-08-19,804.8881225585938,818.9473037386565,798.7372307923163,816.3112072673947,29300
2022-08-22,797.8585205078125,806.6455086191321,790.828930018757,806.6455086191321,25200
2022-08-23,800.49462890625,812.7964124459729,793.4650383121227,796.9798336091864,23000
2022-08-24,815.4325561523438,818.9473516530004,800.4946752745531,817.1899539026721,20000
2022-08-25,849.7017822265625,849.7017822265625,817.1899249955565,817.1899249955565,50300
2022-08-26,826.8555908203125,849.7017601734774,826.8555908203125,849.7017601734774,28600
2022-08-29,825.0982055664062,827.7343020698132,805.7668312080879,813.675120718309,19000
2022-08-30,847.9443359375,847.9443359375,827.7342636819949,827.7342636819949,22300
2022-08-31,862.88232421875,862.88232421875,838.2787548927571,843.5509483197555,34800
2022-09-01,857.6100463867188,867.2757333849297,855.8526487506804,867.2757333849297,31900
2022-09-02,831.2491455078125,862.8823053791457,827.7343499665532,857.6101120672569,31800
2022-09-05,854.9739379882812,873.4266129088917,840.0360582906443,841.793455902131,40000
2022-09-06,852.337890625,861.1248791881443,841.7935043492269,861.1248791881443,36900
2022-09-07,841.7935791015625,853.2166652480346,828.6130950864023,853.2166652480346,36100
2022-09-08,844.4296264648438,847.0657231135374,838.2787342845588,843.550927581946,21700
2022-09-09,850.5804443359375,857.6100347849949,845.3082514991445,848.8230467236732,25300
2022-09-12,846.1869506835938,859.367432781469,844.4295530705436,859.367432781469,25900
2022-09-13,843.5509033203125,851.4591930389404,837.4000113169352,847.0656987508138,37900
2022-09-14,825.0982055664062,839.1573869179105,817.1899160561851,834.7638927455654,56600
2022-09-15,909.4533081054688,956.024347071256,851.4591841103374,851.4591841103374,541800
2022-09-16,964.8113403320312,970.0835334485997,910.3320114608237,910.3320114608237,229500
2022-09-20,927.0272216796875,983.2639441322941,927.0272216796875,983.2639441322941,67100
2022-09-21,897.1515502929688,927.0273120069364,882.2136694359849,927.0273120069364,37000
2022-09-22,897.1515502929688,910.3320334020722,883.0923683099252,894.5154536711481,21500
2022-09-26,881.3350219726562,904.18119402778,863.7610434687149,904.18119402778,58400
2022-09-27,897.1515502929688,909.4533345281319,885.7284649317459,885.7284649317459,56100
2022-09-28,901.5449829101562,966.5686951278478,884.8497054488571,931.4207425777442,109400
2022-09-29,969.204833984375,976.2344248020313,931.4207833394719,933.178181043886,98000
2022-09-30,929.6633911132812,951.630862547905,922.6338002542016,942.8438739740556,68800
2022-10-03,953.3882446289062,953.3882446289062,930.5420747115315,935.8142677693872,45800
2022-10-04,934.056884765625,985.021418459328,934.056884765625,985.021418459328,68200
2022-10-05,931.4208374023438,972.7196858532025,930.542138499134,948.994815466539,45200
2022-10-06,953.3882446289062,970.0835226454493,934.9355689264113,940.207761984267,64200
2022-10-07,929.6633911132812,948.9947659757502,924.3911979689715,948.9947659757502,49600
2022-10-11,905.9384765625,929.6633445229146,905.0597777491513,929.6633445229146,60400
2022-10-12,894.5154418945312,905.0598282429933,882.2136578213255,905.0598282429933,39800
2022-10-13,881.3350219726562,889.2433122994298,871.6693337954886,888.3646133742328,63100
2022-10-14,891.0006713867188,900.6663591433794,879.5775858561199,893.6367680476262,46600
2022-10-17,905.059814453125,905.059814453125,889.2432351714199,891.0006328693871,39800
2022-10-18,899.7876586914062,913.8468408584595,894.5154653787613,906.8172497749329,49800
2022-10-19,883.9710083007812,903.3023822397646,883.9710083007812,896.2727917164979,51100
2022-10-20,881.3350219726562,885.7285165986416,878.698925197065,883.9711187482475,35500
2022-10-21,876.0628051757812,881.3349985870698,874.3054073720184,879.5776007833069,52100
2022-10-24,875.1840209960938,883.9710091587051,875.1840209960938,878.6988162611383,43500
2022-10-25,891.8793334960938,891.8793334960938,877.8201518843326,880.4562484365379,52600
2022-10-26,893.63671875,901.5450082964601,890.1219233960177,895.3941164269911,68300
2022-10-27,909.4533081054688,909.4533081054688,889.2432345920139,896.2728253793025,112600
2022-10-28,833.648193359375,856.2280469173213,830.9386109324215,850.8088820634142,193500
2022-10-31,840.8737182617188,894.1621708690672,835.454553589785,835.454553589785,139200
2022-11-01,849.0025024414062,877.0015211389419,849.0025024414062,849.0025024414062,58500
2022-11-02,812.874755859375,853.5184936523438,811.9715616861979,849.0025227864583,95500
2022-11-04,810.1651611328125,820.1002968880643,807.4555786541074,812.8747436115175,37100
2022-11-07,830.9385986328125,839.0673457933509,817.3906866985818,832.7449868907099,43400
2022-11-08,855.3248901367188,861.6472494091126,839.9705890466192,839.9705890466192,53500
2022-11-09,830.0354614257812,853.518510388861,821.906713707792,847.1961510526472,36100
2022-11-10,830.0354614257812,832.7450439984443,814.6811601806907,832.7450439984443,30400
2022-11-11,830.0354614257812,838.1642091437703,820.1003253260167,830.9386556166689,27600
2022-11-14,821.0034790039062,829.1322263207767,815.5843141259927,826.4226438818199,20700
2022-11-15,827.3258666992188,829.1322550544572,813.7779540349303,821.0035074558841,18000
2022-11-16,839.0673217773438,841.7769040866355,820.1002456123015,827.3257984370795,25800
2022-11-17,844.486572265625,849.905737435244,835.45463031626,839.9706012909426,40600
2022-11-18,854.4216918945312,858.9376627819231,841.7769734098341,842.6801675873126,26600
2022-11-21,879.7111206054688,880.6143147744682,840.8737713384922,858.9376547184813,70900
2022-11-22,872.485595703125,879.7111492907285,863.4536537186206,868.8728189093232,32500
2022-11-24,892.3558349609375,897.7749999505787,872.4855633322526,877.0015341569537,44400
2022-11-25,888.7430419921875,906.8069249595084,877.0015180634289,892.3558185856516,68200
2022-11-28,908.61328125,919.4516106486084,877.0014871707257,887.839816569334,76400
2022-11-29,908.61328125,908.61328125,888.7430106858847,901.3877283175945,21900
2022-11-30,905.90380859375,905.90380859375,889.6463125272619,903.194225916002,22100
2022-12-01,917.645263671875,932.9995643435501,909.5165162574588,909.5165162574588,67900
2022-12-02,903.1942138671875,913.1293502197266,890.5494948730468,912.2261560058594,28200
2022-12-05,912.2261352539062,912.2261352539062,889.6462804208888,898.6782223540957,23200
2022-12-06,920.3548583984375,932.0963825978288,903.1941691839426,907.7101400298623,37900
2022-12-07,945.6443481445312,952.8699019030377,907.7101909123724,907.7101909123724,52000
2022-12-08,932.9995727539062,939.3219319109995,922.1612427703177,935.7091552498033,25400
2022-12-09,928.4835815429688,942.0314937250159,923.9676108156197,942.0314937250159,29500
2022-12-12,909.5164794921875,930.2899442670836,909.5164794921875,921.258003060607,50800
2022-12-13,925.7740478515625,941.1283491330031,916.7421059213034,924.8708536585366,45800
2022-12-14,950.1602783203125,959.1922201294409,937.5155597875327,939.3219481493583,75900
2022-12-15,958.2889404296875,973.6432401349699,948.3538053262694,950.1601935268909,117100
2022-12-16,839.0673217773438,909.5164618189291,835.4545453649547,867.0663389733584,423000
2022-12-19,858.9376220703125,858.9376220703125,808.3587505288431,839.0673511075923,188000
2022-12-20,860.7440795898438,912.2261494079141,845.3897780651561,866.1632448338512,204100
2022-12-21,862.5504150390625,879.7111039246564,841.7769495459751,862.5504150390625,49200
2022-12-22,850.808837890625,889.6461839939126,847.1960615089239,876.0982725625332,33700
2022-12-23,846.2929077148438,874.29192600637,845.3897135764074,864.3567904835704,48500
2022-12-26,812.874755859375,844.4865519205729,811.9715616861979,843.5833577473958,74100
2022-12-27,836.3577880859375,842.68014717514,815.5843225071291,817.3907108183298,65800
2022-12-28,821.9066772460938,848.0993076198703,821.0034830952739,832.7450070559323,59300
2022-12-29,833.648193359375,854.4216586326855,823.7130577938786,839.9705523556,34200
2022-12-30,824.6162719726562,847.1961260792459,822.8098836441291,833.6482136152921,25200
2023-01-04,839.0673217773438,852.6152333238024,825.519410230885,834.5513512618575,41300
2023-01-05,839.0673217773438,849.0024569114134,833.6481571587602,844.4864863959272,26400
2023-01-06,836.3577880859375,843.5833413307404,830.9386231523353,843.5833413307404,21300
2023-01-10,838.1641845703125,852.6152912008351,833.6482137482742,849.0025145432045,19800
2023-01-11,839.9705810546875,847.1961344401042,836.3578043619791,836.3578043619791,14100
2023-01-12,852.6152954101562,856.228072085623,841.776965383756,850.8089070724228,20600
2023-01-13,850.808837890625,853.5184201769009,844.486479222648,852.6152260814756,20700
2023-01-16,830.0354614257812,856.228092961524,826.4226846622305,849.0025394344226,30400
2023-01-17,818.2939453125,830.9386641142383,815.5843627121275,827.3258873137418,24300
2023-01-18,826.4226684570312,828.2290568033853,812.874755859375,824.616280110677,23900
2023-01-19,825.51953125,828.2291139565099,817.3907831304705,826.4227254855033,10800
2023-01-20,830.9385986328125,832.7449868907099,821.0034632143767,821.0034632143767,19300
2023-01-23,827.3258666992188,835.4546142977919,823.7130899887419,826.4226725215996,31700
2023-01-24,821.9066772460938,832.7450070559323,820.100288944454,832.7450070559323,30400
2023-01-25,823.7130737304688,830.9386270088062,821.9066854108844,826.4226562098453,14700
2023-01-26,820.1002807617188,830.9386104634156,818.2938924781026,827.3258338961833,25400
2023-01-27,815.5842895507812,829.1322013373391,811.9715130743658,823.7130366227159,52200
2023-01-30,813.7779541015625,821.0035075231079,809.2619832130965,821.0035075231079,51900
2023-01-31,821.9066772460938,821.9066772460938,816.4875123411744,821.9066772460938,20600
2023-02-01,832.7450561523438,839.970609784902,826.4226967238552,826.4226967238552,41100
2023-02-02,849.0025024414062,852.6152790475398,834.5513960168716,839.9705609260722,34500
2023-02-03,862.5504150390625,873.3887448615428,848.0993086090887,853.5184735203288,41400
2023-02-06,854.4216918945312,876.098352154012,854.4216918945312,871.5823812666201,52800
2023-02-07,860.7440795898438,865.2600506265165,855.3249143458363,863.4536622118475,15800
2023-02-08,867.9696044921875,878.8079346211223,860.7440510728977,867.0664103147762,29800
2023-02-09,888.7430419921875,889.6462361405535,868.8727707281345,868.8727707281345,23300
2023-02-10,877.0015869140625,894.1622770802492,877.0015869140625,888.7431117646113,29800
2023-02-13,862.5504150390625,885.1302688358966,860.7440267353157,885.1302688358966,25500
2023-02-14,867.06640625,867.06640625,854.4216878255207,859.8408528645833,18900
2023-02-15,873.3887329101562,875.1951211891845,867.9695680730715,872.4855387706422,10000
2023-02-16,882.4207153320312,886.033492058058,871.582385153951,873.3887735169643,15800
2023-02-17,884.2271118164062,886.0335001960107,876.0983641081859,877.9047524877905,14400
2023-02-20,886.9367065429688,887.839900745151,880.614347127693,886.9367065429688,17600
2023-02-21,886.9367065429688,888.7430949473332,878.8079587233285,880.614347127693,14800
2023-02-22,881.5174560546875,886.0334266287382,867.0663502177255,885.130232513928,27900
2023-02-24,883.3239135742188,899.5814089160755,883.3239135742188,888.743078688171,18600
2023-02-27,893.259033203125,897.7750040484391,885.1302856815597,895.9686157103135,20000
2023-02-28,911.3228759765625,916.7420407494658,895.9685757866699,897.7749640443044,47600
2023-03-01,908.61328125,926.6771635810139,901.3877283175945,911.3228635996521,42800
2023-03-02,929.3867797851562,939.3219154291181,914.0324792444881,927.5803914862541,28200
2023-03-03,925.7740478515625,937.5155723608993,917.6453001143293,937.5155723608993,21700
2023-03-06,946.5474243164062,960.0953359239884,924.8707657442748,935.7090950303404,61700
2023-03-07,960.9985961914062,966.4177612075232,948.3538778204667,948.3538778204667,31800
2023-03-08,974.5465087890625,976.3528971278744,953.7730428927247,962.8049845867846,49600
2023-03-09,975.44970703125,982.6752604166666,961.9017944335938,970.0305419921874,40400
2023-03-10,983.5784301757812,992.6103716833642,969.1273237636485,975.4496828189566,37400
2023-03-13,970.9337768554688,975.4497479106105,945.6443389466752,975.4497479106105,51600
2023-03-14,944.7410888671875,975.4496902261592,937.515535606253,962.8049720195238,27300
2023-03-15,954.67626953125,969.1273767332367,946.5475217301324,968.2241825331125,54400
2023-03-16,929.3867797851562,929.3867797851562,885.1302664620537,929.3867797851562,71100
2023-03-17,954.67626953125,959.1922405318709,934.8059971285182,942.9347449296357,35600
2023-03-20,912.2261352539062,989.9008358794864,906.806970093982,989.9008358794864,110800
2023-03-22,905.0005493164062,933.9027624682276,902.290966833423,925.7740150192778,32400
2023-03-23,923.9676513671875,923.9676513671875,896.8718258138975,899.5814083692266,24200
2023-03-24,935.709228515625,935.709228515625,914.9357610871892,917.645343795246,11200
2023-03-27,921.2579956054688,935.7091014188878,921.2579956054688,925.7739661721622,13700
2023-03-28,929.3867797851562,933.9027505324117,922.1612265895477,932.0963622335096,8900
2023-03-29,932.9995727539062,938.4187377457005,922.1612427703177,923.0644369356168,9200
2023-03-30,940.22509765625,941.1282917942483,926.6771855862752,930.2899621382685,10300
2023-03-31,940.22509765625,950.1602331742315,937.5155152422551,944.7410683462416,10000
2023-04-03,969.1273193359375,969.1273193359375,947.4506598167739,948.3538539634058,23500
2023-04-04,949.2570190429688,972.7400661363248,948.3538249239936,970.0304837793991,22700
2023-04-05,951.0634765625,966.417777703585,941.1283405300333,949.2570881929606,25700
2023-04-06,916.7420654296875,951.9666374018626,914.0324829702894,932.999560186076,31100
2023-04-07,922.1612548828125,940.2251384260605,916.742089819838,916.742089819838,34000
2023-04-10,922.1612548828125,939.3219442488981,922.1612548828125,931.1931966544365,12400
2023-04-11,917.645263671875,937.5155351293369,917.645263671875,936.6123409721795,18800
2023-04-12,914.9357299804688,928.48364306014,912.2261473645344,917.645312596403,27100
2023-04-13,919.45166015625,923.9676309821648,911.3229126696034,912.2261068347864,13700
2023-04-14,934.8059692382812,937.5155517578124,921.258056640625,930.2899983723958,26200
2023-04-17,932.9995727539062,939.3219319109995,925.7740194315139,937.5155435804014,21100
2023-04-18,942.9347534179688,954.6762781252806,935.7091997519307,942.9347534179688,16000
2023-04-19,944.7410888671875,948.3538654976549,939.3219239214867,943.8378947095707,10500
2023-04-20,953.7730102539062,967.3209223313766,953.7730102539062,957.3857868078984,21300
2023-04-21,953.7730102539062,957.3857868078984,943.8378747304281,948.3538454229182,12000
2023-04-24,941.1283569335938,957.3858525428112,941.1283569335938,956.4826583422991,10500
2023-04-25,927.5803833007812,948.3538485548397,927.5803833007812,948.3538485548397,14300
2023-04-26,930.2899780273438,942.9346961752883,922.1612306465223,923.064424799947,17700
2023-04-27,926.6771850585938,938.4187088458858,925.7739909211097,938.4187088458858,18300
2023-04-28,935.709228515625,952.8699189999849,928.4836746274734,939.3220054597007,27500
2023-05-01,919.45166015625,946.5474851117388,916.7420776607012,941.128320120641,28800
2023-05-02,919.45166015625,923.0644368169818,914.0324951651523,921.258048486616,20600
2023-05-08,919.45166015625,923.9676309821648,916.7420776607012,919.45166015625,20000
2023-05-09,913.1293334960938,920.3548870746978,905.9037799174896,919.4516928773724,40500
2023-05-10,908.61328125,915.8388341824055,908.61328125,913.1292518327534,20300
2023-05-11,911.3228759765625,914.0324583630141,908.6132935901109,914.0324583630141,14500
2023-05-12,905.0005493164062,911.3229084433672,902.290966833423,911.3229084433672,42000
2023-05-15,903.1942138671875,907.7101849365234,902.2910196533203,907.7101849365234,15700
2023-05-16,895.0654296875,904.0973714603305,890.5494588010847,903.1941772830475,91300
2023-05-17,896.871826171875,897.7750203573452,893.2590494299943,895.0654378009347,16500
2023-05-18,882.4207153320312,896.8718222361382,881.5175211505245,894.1622396916181,72100
2023-05-19,891.45263671875,893.2590250403686,884.2270834322758,885.1302775930851,27100
2023-05-22,893.259033203125,895.9686157103135,887.8398681887481,892.3558390340622,15300
2023-05-23,886.9367065429688,898.678231171338,882.4207355320575,898.678231171338,35200
2023-05-24,888.7430419921875,893.2590127340177,885.1302653987233,886.0334595470894,19000
2023-05-25,895.9686889648438,896.8718832077518,886.9367465357626,894.1623004790275,15500
2023-05-26,907.7101440429688,909.5165323893228,895.9686197916666,901.3877848307291,36800
2023-05-29,918.5484619140625,921.2580443975849,912.2261027858439,919.4516560752367,26200
2023-05-30,914.9357299804688,923.967672033583,906.8069821326659,922.1612836229601,22500
2023-05-31,906.8069458007812,915.838887492024,899.5813924477869,915.838887492024,20400
2023-06-01,898.6781616210938,909.5164912084839,896.8717733565288,906.8069088116364,18800
2023-06-02,905.90380859375,906.807002819666,898.6782547864219,898.6782547864219,15300
2023-06-05,907.7101440429688,915.8388916015624,904.0973673502604,912.2261149088541,14800
2023-06-06,914.032470703125,915.838858985147,907.710111716048,907.710111716048,16600
2023-06-07,921.2579956054688,925.7739661721622,912.2260544720817,914.9356368120979,32100
2023-06-08,906.8069458007812,923.9676350141426,905.903751631657,923.9676350141426,24000
2023-06-09,910.4197387695312,914.9357096959674,904.0973794725206,912.2261271401057,28400
2023-06-12,923.064453125,927.5804240306995,911.322928770181,911.322928770181,23500
2023-06-13,942.031494140625,943.8378824323617,926.6771936608641,929.386776098469,74800
2023-06-14,940.22509765625,949.2570390362332,914.0324676542988,936.6123211042567,136500
2023-06-15,1061.253173828125,1075.7042808759975,994.4168037317155,1071.1883099235372,402800
2023-06-16,1031.44775390625,1079.3170454623194,1003.4487343168508,1078.4138512820161,125600
2023-06-19,1047.705322265625,1083.8330919989223,1007.9647755589979,1033.254214372306,99000
2023-06-20,1072.99462890625,1083.8329584911617,1025.1253399062236,1047.7051932081229,89400
2023-06-21,1104.6064453125,1126.2831049098018,1055.8339612185712,1071.1882617666597,114200
2023-06-22,1083.8330078125,1143.4438232421874,1072.994677734375,1106.412862141927,89900
2023-06-23,1092.864990234375,1110.9288743704803,1067.5755524438275,1110.9288743704803,61900
2023-06-26,1064.865966796875,1095.574569740975,1057.6404131629693,1086.5426276985927,48500
2023-06-27,1039.576416015625,1063.9626568778508,1025.125310319491,1061.2530745598256,45700
2023-06-28,1050.414794921875,1063.0595130034797,1039.5764651376423,1039.5764651376423,26100
2023-06-29,1085.639404296875,1091.9617635565075,1057.6403847185031,1059.446773078398,39500
2023-06-30,1096.4776611328125,1110.9287670456008,1075.7041963831794,1085.6393316982212,23000
2023-07-03,1084.7362060546875,1108.2192546453803,1072.0914875827762,1103.7032837625547,32300
2023-07-04,1100.99365234375,1101.8968464802092,1072.091439977056,1083.8329637510255,29700
2023-07-05,1062.1563720703125,1086.5426153066207,1061.2531778763753,1084.736226918746,33100
2023-07-06,1083.8330078125,1086.5425903320313,1063.962736002604,1070.2850952148438,44100
2023-07-07,1074.801025390625,1083.8329667804621,1065.7690840007879,1083.8329667804621,25800
2023-07-10,1066.67236328125,1079.31708223632,1061.2531980147915,1076.6074996030907,52400
2023-07-11,1086.5426025390625,1096.4777385556292,1067.5755246892534,1080.2202432557929,42300
2023-07-12,1054.0274658203125,1087.445645970571,1054.0274658203125,1087.445645970571,65000
2023-07-13,1068.478759765625,1068.478759765625,1046.8020985362293,1060.3500118046015,27600
2023-07-14,1016.9967041015625,1074.8011348853104,1012.4807329465823,1072.9947464233182,62500
2023-07-18,1006.1582641601562,1038.6732529480967,1002.5454876281628,1020.6093702881298,44100
2023-07-19,1013.3838500976562,1030.5445391813064,1002.5455201500878,1018.8030150714405,27400
2023-07-20,1013.3838500976562,1031.4477333436039,1007.0614909615747,1015.190238422251,21400
2023-07-21,1001.642333984375,1034.157324086663,982.675256424707,1018.803023205027,61700
2023-07-24,1026.931884765625,1037.7702160032568,1010.6743879091771,1010.6743879091771,40600
2023-07-25,1030.54443359375,1037.769986151813,1016.0933284776238,1037.769986151813,29100
2023-07-26,1040.479736328125,1048.6084842681885,1026.0286288791233,1033.254182603624,36900
2023-07-27,1044.0924072265625,1047.705183722156,1034.15727186368,1047.705183722156,15100
2023-07-28,1028.7381591796875,1042.2860717237572,1020.6094116532457,1042.2860717237572,35400
2023-07-31,1050.414794921875,1052.221183219247,1032.350911948154,1034.1573002455261,34400
2023-08-01,1047.705322265625,1050.4149049956222,1037.7701855889682,1050.4149049956222,20500
2023-08-02,1049.5115966796875,1049.5115966796875,1031.4477137764227,1049.5115966796875,24800
2023-08-03,1024.22216796875,1039.5764685467648,1021.5125855138062,1038.6732743951168,22500
2023-08-04,1003.44873046875,1029.641361597097,1003.44873046875,1029.641361597097,36800
2023-08-07,1026.028564453125,1026.028564453125,998.9327396876375,1002.5455163230358,16500
2023-08-08,1023.3189697265625,1026.028552170675,1013.3838340981492,1026.028552170675,10900
2023-08-09,1029.641357421875,1033.2541341145832,1021.5126098632812,1026.9317749023437,13600
2023-08-10,1026.931884765625,1029.641467575033,1015.1903592581904,1023.3191076864143,15300
2023-08-14,1035.0604248046875,1045.898753860234,1030.5444543648764,1038.6732011565364,18500
2023-08-15,1040.479736328125,1044.995707405938,1034.1573768191868,1044.995707405938,17600
2023-08-16,1043.189208984375,1045.8987913453734,1027.8349089387175,1041.3828207437095,17200
2023-08-17,1036.866943359375,1044.9956911731679,1003.4487579026703,1044.9956911731679,33500
2023-08-18,1062.1563720703125,1068.478731427874,1024.2222159249443,1036.866934640067,46900
2023-08-21,1079.3170166015625,1088.3489581630818,1070.285075040043,1071.188269196195,29400
2023-08-22,1107.316162109375,1133.508795633985,1089.2522769199888,1098.2842195146818,58700
2023-08-23,1088.3489990234375,1118.1544072954487,1081.12344550295,1095.5745525439252,27100
2023-08-24,1085.639404296875,1101.8968995359298,1083.83301593698,1101.8968995359298,9900
2023-08-25,1115.44482421875,1128.0895428738613,1073.8978914948127,1082.02663920167,34500
2023-08-28,1110.9288330078125,1160.604512532552,1104.6064737955728,1125.3799397786458,65200
2023-08-29,1091.0584716796875,1127.186235642591,1080.2201424908164,1115.4447123546474,52500
2023-08-30,1104.6064453125,1128.9926873594643,1097.3808921133993,1109.1224160619379,44300
2023-08-31,1122.67041015625,1131.702352313581,1114.5416622146522,1124.4767985877163,29900
2023-09-01,1118.1544189453125,1128.9927493389666,1105.509700152716,1128.9927493389666,42300
2023-09-04,1107.316162109375,1125.3800472987612,1102.8001908120284,1125.3800472987612,36300
2023-09-05,1118.1544189453125,1119.0576131447838,1107.3160885516584,1107.3160885516584,17000
2023-09-06,1133.508544921875,1156.9915904740412,1119.9606340263945,1128.9925746233814,69900
2023-09-07,1123.573486328125,1138.0245922616057,1108.2191862738018,1138.0245922616057,40400
2023-09-08,1112.7352294921875,1129.8959189080572,1103.7032876943613,1112.7352294921875,33700
2023-09-11,1098.2841796875,1124.476812262284,1092.8650143271998,1124.476812262284,38500
2023-09-12,1103.7032470703125,1110.9288002426222,1098.2840821910802,1109.1224119495448,20500
2023-09-13,1103.7032470703125,1116.3479651218545,1089.252140725693,1116.3479651218545,44300
2023-09-14,1116.3480224609375,1126.2831585831627,1091.0585850589098,1117.251216653867,113200
2023-09-15,1079.3170166015625,1096.4777055684492,1056.737162697764,1089.2521523192338,170500
2023-09-19,1088.3489990234375,1119.0576014855096,1083.833028073133,1101.8969118743516,94000
2023-09-20,1100.99365234375,1153.378912258383,1098.2840699343724,1110.0255937083418,120400
2023-09-21,1085.639404296875,1109.1224529755095,1081.1234333971377,1102.8000937158772,46900
2023-09-22,1091.9617919921875,1092.864986195655,1068.4787427020328,1080.2202673471102,45200
2023-09-25,1120.864013671875,1120.864013671875,1089.2522163483331,1100.9937410685059,81500
2023-09-26,1124.4766845703125,1145.2501494258283,1110.9287727080196,1120.8639080737012,75600
2023-09-27,1155.185302734375,1155.185302734375,1124.4767020361978,1128.992672727106,52800
2023-09-28,1138.024658203125,1155.1853474934894,1128.089522298177,1155.1853474934894,53900
2023-09-29,1121.7672119140625,1147.9598440763073,1117.2512408516066,1147.056649863816,60800
2023-10-02,1133.508544921875,1156.9915904740412,1133.508544921875,1138.0245152203686,54900
2023-10-03,973.643310546875,1050.4148146252464,957.3858155655728,1038.6732904720836,453400
2023-10-04,1000.7391357421875,1014.287048229672,979.0624757622123,986.2880290888706,164700
2023-10-05,1044.9957275390625,1052.2212814027725,1018.8030947831137,1018.8030947831137,117600
2023-10-06,1051.3179931640625,1051.3179931640625,1028.7381393589924,1044.995634098643,62100
2023-10-10,1080.22021484375,1084.7361856415916,1063.9627199715196,1063.9627199715196,52100
2023-10-11,1044.0924072265625,1076.6073956869052,1044.0924072265625,1075.7042015630068,113300
2023-10-12,1010.6742553710938,1069.3818752094503,1010.6742553710938,1069.3818752094503,239500
2023-10-13,1019.7061767578125,1032.3508946272627,1009.7710412889587,1032.3508946272627,69700
2023-10-16,989.9008178710938,1004.3519247013287,984.4816528097556,1002.5455363475493,186000
2023-10-17,975.44970703125,989.9008138020832,964.6113769531249,984.4816487630208,160800
2023-10-18,959.1921997070312,970.9337238089064,943.8378989584253,944.741093120108,293300
2023-10-19,978.1592407226562,984.4815996192939,950.1602227518323,954.6761933922878,124800
2023-10-20,988.99755859375,994.4167232983732,975.4496468321918,978.1592291845034,121800
2023-10-23,988.99755859375,1004.3518585901826,985.384782124001,999.8358880029965,107800
2023-10-24,985.3848266601562,989.9007974514494,959.1921960706562,985.3848266601562,147400
2023-10-25,976.3529052734375,996.223177166144,973.6433227426139,996.223177166144,70000
2023-10-26,961.90185546875,976.3529631565435,959.1922727772887,973.6433804650823,130500
2023-10-27,953.7730102539062,964.6113399158825,948.3538454229182,959.1921750848944,286900
2023-10-30,924.1465454101562,936.2086991153088,899.0943800225315,912.0843917050036,298700
2023-10-31,938.064453125,941.7758851848417,908.3729966462661,912.0844287061078,133800
2023-11-01,930.6416015625,944.559471974701,925.0744533976197,938.0644657823406,146900
2023-11-02,939.920166015625,940.8480240274864,930.6415858970107,930.6415858970107,95300
2023-11-06,947.343017578125,947.343017578125,934.3530055839097,941.7758695806042,89700
2023-11-07,926.9301147460938,942.7037002823135,919.5072509643433,942.7037002823135,165500
2023-11-08,929.7136840820312,933.4251159546142,922.2908203368653,926.930110177594,121100
2023-11-09,933.4251098632812,933.4251098632812,916.7236665456479,929.7136780149183,61900
2023-11-10,938.9922485351562,938.9922485351562,922.2908053793926,933.4251008165684,67900
2023-11-13,929.7136840820312,938.9922637634886,926.0022522094482,938.0644057953429,35600
2023-11-14,932.497314453125,933.4251724774565,926.0023082828047,929.7137403801306,31800
2023-11-15,938.064453125,952.910181364367,936.2087370950791,936.2087370950791,72300
2023-11-16,935.2808837890625,942.7037479461185,932.4973097301664,938.0644578479585,39900
2023-11-17,941.7758178710938,941.7758178710938,924.1465168469058,929.7136645387545,60600
2023-11-20,948.2708740234375,951.0544480176354,942.7037260350415,945.4873000292395,31800
2023-11-21,952.91015625,955.693730221519,945.4872923259494,951.0544402689874,34900
2023-11-22,953.8380126953125,959.4051606293318,949.1987227502964,949.1987227502964,72800
2023-11-24,949.19873046875,958.4773104342314,946.4151564791056,952.9101624549426,114300
2023-11-27,954.765869140625,958.4773010906372,949.1987212156068,949.1987212156068,56000
2023-11-28,939.920166015625,960.3330422765764,938.9923080037636,959.405184264715,71600
2023-11-29,934.3529663085938,940.8479720326852,931.5693924268402,935.2808242691782,46500
2023-11-30,930.6416015625,939.9201818373007,925.0744533976197,937.1366077548605,74300
2023-12-01,932.497314453125,938.0644625991139,926.9301663071362,930.6415984044621,60400
2023-12-04,936.2086791992188,944.5594008174477,924.1465257506659,927.8579575809899,95800
2023-12-05,937.1365966796875,941.7758867622601,930.6415905640856,930.6415905640856,55100
2023-12-06,929.7136840820312,938.9922637634886,926.0022522094482,929.7136840820312,98100
2023-12-07,924.1465454101562,933.4251251833506,922.2908294555174,926.9301193421145,80600
2023-12-08,908.3729858398438,925.0744299104435,907.4451278359215,920.4351398908325,147400
2023-12-11,918.5794067382812,923.2186966713028,910.2286848588424,911.1565428454467,67700
2023-12-12,912.0844116210938,923.2187075920532,907.4451216331939,918.5794176041534,92700
2023-12-13,905.58935546875,917.6515087690509,898.166491899334,912.084361091989,94600
2023-12-14,893.5272216796875,913.940096941321,887.0322159146223,905.5893752433801,109700
2023-12-15,935.2808837890625,939.9201738872225,901.8779950823102,901.8779950823102,230700
2023-12-18,865.6915283203125,881.46511458124,857.3408061821744,881.46511458124,441600
2023-12-19,910.2286376953125,912.0843535723671,869.4028884001099,871.2586042771645,223900
2023-12-20,907.4451293945312,916.7237094496901,896.3108333283407,909.300845405563,96700
2023-12-21,886.1043701171875,886.1043701171875,886.1043701171875,886.1043701171875,1900
2023-12-22,880.5372314453125,884.2486634008249,874.0422255231658,878.6815154675563,114100
2023-12-25,858.2686767578125,877.7536953652872,855.4851026710304,876.8258373363599,141600
2023-12-26,831.3607788085938,851.7736550739833,825.7936307362147,847.1343650136675,258800
2023-12-27,821.154296875,824.8657287252825,807.2364274364406,817.4428650247175,275100
2023-12-28,834.1443481445312,836.9279221650357,814.6593300009994,820.2264780420085,97200
2023-12-29,861.9800415039062,861.9800415039062,835.072160768047,835.072160768047,111400
2024-01-04,861.9800415039062,866.6193312859509,844.3507403321364,862.9078994603152,55600
2024-01-05,852.7015380859375,869.402982792735,848.9901059288713,867.5472667142019,81300
2024-01-09,886.1043701171875,886.1043701171875,859.1964887209588,862.9079206376799,62500
2024-01-10,885.176513671875,887.9600876142395,878.6815078063581,881.4650817487226,42200
2024-01-11,875.89794921875,888.8879611775027,867.5472272452662,887.0322451833952,51000
2024-01-12,858.2686767578125,881.4651274809967,857.3408187288852,881.4651274809967,64000
2024-01-15,857.3407592773438,864.7636229940307,857.3407592773438,858.2686172419296,10500
2024-01-16,850.8457641601562,868.4750657076404,849.9179061839728,858.2686279696233,60300
2024-01-17,842.4950561523438,853.6293520486303,842.4950561523438,850.8457780745587,63100
2024-01-18,844.3507690429688,849.9179169707246,838.7836211152129,841.5671950790908,42600
2024-01-19,847.1343383789062,853.6293442591387,844.3507644302351,853.6293442591387,31900
2024-01-22,864.763671875,865.6915298920333,847.134369551368,848.9900855854345,46100
2024-01-23,858.2686767578125,867.5472570470862,848.9900964685389,864.7636829603041,56300
2024-01-24,862.907958984375,865.691533045615,853.629378780242,858.2686688823085,31100
2024-01-25,868.47509765625,869.4029556665665,857.3408015324519,865.6915236253004,34600
2024-01-26,862.907958984375,867.5472490864415,857.3408108618952,861.0522429435484,32100
2024-01-29,873.1143798828125,874.9700958868142,862.907941860803,864.7636578648047,51700
2024-01-30,874.0421752929688,881.4650387774101,872.1864594218583,874.9700332285239,32000
2024-01-31,900.022216796875,900.022216796875,881.465057687661,885.1764895095038,74300
2024-02-01,895.3829345703125,898.1665084601684,888.8879288273154,894.4550766070272,40600
2024-02-02,909.3008422851562,918.5794223084741,907.4451262804927,918.5794223084741,57300
2024-02-05,913.0122680664062,916.723700050416,901.8779721143769,916.723700050416,39800
2024-02-06,901.8779907226562,909.3008548438304,900.9501327075095,909.3008548438304,32700
2024-02-07,896.3108520507812,902.8058582250623,888.8879878516029,902.8058582250623,51100
2024-02-08,893.5272216796875,899.0943694783149,890.7436477803739,899.0943694783149,43100
2024-02-09,899.0944213867188,907.4451435667812,894.4551312866841,900.0222794067257,47300
2024-02-13,893.5272216796875,903.7336593105043,887.0322159146223,903.7336593105043,56700
2024-02-14,878.6815185546875,893.5272464288955,872.1865126097215,893.5272464288955,55500
2024-02-15,864.763671875,884.2486902326984,864.763671875,884.2486902326984,32300
2024-02-16,876.8258056640625,879.6093796502976,868.4750837053571,870.3307996961805,25100
2024-02-19,894.4551391601562,894.4551391601562,876.8258366248419,876.8258366248419,34100
2024-02-20,882.3929443359375,896.310814120416,881.4650863503056,894.4550981491521,32300
2024-02-21,881.465087890625,882.3929458778783,873.1143660053455,882.3929458778783,33600
2024-02-22,878.6815185546875,882.3929505232395,871.2586546175835,882.3929505232395,39700
2024-02-26,877.753662109375,882.3929520782407,872.1865141467363,873.1143721405094,43900
2024-02-27,886.1043701171875,888.8879440547283,878.6815062837451,886.1043701171875,26600
2024-02-28,899.0944213867188,899.0944213867188,884.2486930666079,884.2486930666079,53600
2024-02-29,893.5272216796875,893.5272216796875,882.3929260824328,889.8157898139359,29800
2024-03-01,881.465087890625,895.3829576994243,874.0422239925987,895.3829576994243,55700
2024-03-04,874.9700927734375,884.2486727604304,872.1865187773395,882.3929567630319,40400
2024-03-05,872.1865234375,877.7536714594414,868.4750914228723,874.0422394448137,28500
2024-03-06,885.176513671875,887.0322296334513,873.1143599216293,875.8979338639938,46600
2024-03-07,874.0421752929688,887.9600443262963,873.1143173574136,884.2486125840755,27200
2024-03-08,864.763671875,876.8258260964324,862.9079558409335,868.475103943133,57500
2024-03-11,861.9800415039062,863.8357574167242,854.5571778526347,862.9078994603152,52000
2024-03-12,866.6193237304688,866.6193237304688,848.9900227123971,854.5571704023145,36200
2024-03-13,864.763671875,870.3308199771996,861.9800978239002,868.475103943133,22600
2024-03-14,867.5472412109375,867.5472412109375,859.1965191030247,861.9800931389957,32900
2024-03-15,848.062255859375,865.6915587711126,846.2065397634026,862.907984627154,89300
2024-03-18,870.330810546875,887.9601126794876,843.4229283444663,844.3507863514459,114700
2024-03-19,890.74365234375,902.8058059692382,878.6814987182617,881.4650726318359,63300
2024-03-21,885.176513671875,900.0222413644851,881.4650817487226,900.0222413644851,40100
2024-03-22,880.5372314453125,889.8158113340934,872.1865095454096,886.104379378581,55000
2024-03-25,880.5372314453125,891.6715273118497,871.2586515565315,881.4650894341905,43900
2024-03-26,884.2487182617188,887.0322924010526,875.8979958437172,882.3930021688295,28100
2024-03-27,889.8157958984375,893.5272277895675,884.2486480617423,884.2486480617423,25300
2024-03-28,875.89794921875,892.5993931657177,874.9700912216963,892.5993931657177,33700
2024-03-29,883.32080078125,887.0322327173056,876.8257948931525,876.8257948931525,9000
2024-04-01,872.1865234375,887.9601094996675,869.4029494265292,887.0322514960106,39300
2024-04-02,859.1964721679688,869.4029097423183,857.3407562453598,869.4029097423183,45500
2024-04-03,858.2686767578125,861.980108873522,853.6293866131757,856.4129606999578,29700
2024-04-04,850.8457641601562,857.34076999344,849.9179061839728,856.4129120172565,42700
2024-04-05,851.7736206054688,851.7736206054688,844.3507568093427,848.9900466819214,37100
2024-04-08,848.9900512695312,856.4129151057675,848.9900512695312,853.629341167179,27000
2024-04-09,849.9179077148438,854.5571976041168,848.0621917591344,854.5571976041168,18800
2024-04-10,850.8457641601562,857.34076999344,850.8457641601562,853.6293380887064,28100
2024-04-11,847.1343383789062,850.8457703104676,844.3507644302351,848.990054344687,43200
2024-04-12,841.5671997070312,845.2786316792783,837.8557677347841,845.2786316792783,71700
2024-04-15,843.4229125976562,843.4229125976562,837.8557646597179,841.5671966183435,36400
2024-04-16,826.7214965820312,837.8557928322942,823.9379225194655,835.0722187697286,141600
2024-04-17,823.9379272460938,832.288649481696,813.7314889581354,831.360791455518,82400
2024-04-18,824.8657836914062,828.5772157890053,810.0200553010097,821.1543515938071,55700
2024-04-19,810.02001953125,823.0100312992197,804.4528716306916,821.1543153323669,94500
2024-04-22,823.9379272460938,827.6493593508059,819.2986371152035,824.8657852722718,47000
2024-04-23,832.2886352539062,835.0722092848557,825.7936291816907,831.3607772435897,32600
2024-04-24,837.855712890625,837.855712890625,833.2164232289937,835.9999970259724,28900
2024-04-25,831.3607788085938,836.9279268809727,831.3607788085938,836.0000688689096,22900
2024-04-26,825.7935791015625,831.3607268258427,823.9378631934691,830.432868871796,29800
2024-04-30,825.7935791015625,836.0000165960762,825.7935791015625,835.0721586420295,40600
2024-05-01,828.5772094726562,831.3607835246361,825.7936354206764,827.6493514553297,21000
2024-05-02,819.2986450195312,832.2886575113472,818.3707869844015,826.721509300569,54100
2024-05-07,825.7935791015625,848.99002795273,823.0100052394224,825.7935791015625,78300
2024-05-08,828.5772094726562,835.0722155939425,825.7936354206764,832.2886415419626,23300
2024-05-09,829.5050659179688,830.4329239335369,821.1543437778549,828.5772079024006,36000
2024-05-10,823.9379272460938,831.360791455518,821.1543531675596,826.7215013246279,38800
2024-05-13,823.010009765625,824.865725683924,821.1542938473259,823.9378677247745,19500
2024-05-14,823.9379272460938,826.7215013246279,821.1543531675596,823.9379272460938,23900
2024-05-15,823.010009765625,824.865725683924,818.3707199698774,823.9378677247745,30800
2024-05-16,818.3707275390625,823.9378753454507,810.0200058294803,823.9378753454507,51000
2024-05-17,822.0822143554688,822.0822143554688,814.6593501174962,815.5872081472427,20200
2024-05-20,830.432861328125,848.9900202404853,823.0099977631809,823.9378557087988,69400
2024-05-21,835.0722045898438,840.6393526204428,833.2164885796441,836.0000625949436,23800
2024-05-22,829.5050659179688,839.7115040892189,829.5050659179688,835.0722140113779,25400
2024-05-23,831.3607788085938,834.1443528447833,823.0100567000253,827.6493467603411,26800
2024-05-24,835.0722045898438,835.0722045898438,827.6493405490452,828.577198554145,16500
2024-05-27,839.7114868164062,840.6393448128885,832.2886228445485,840.6393448128885,26400
2024-05-28,832.2886352539062,836.9279253054888,831.3607772435897,833.2164932642228,36800
2024-05-29,823.010009765625,835.0721632345687,822.0821518064755,833.2164473162698,31200
2024-05-30,824.8657836914062,825.7936417158061,818.3707775206078,821.1543515938071,32700
2024-05-31,827.6492919921875,828.5771499428514,823.0100022388681,823.0100022388681,19500
2024-06-03,829.5050659179688,835.0722140113779,823.9379178245596,835.0722140113779,40900
2024-06-04,839.7114868164062,841.5672028093708,830.4329068515841,834.144338837513,30300
2024-06-05,835.0722045898438,840.6393526204428,830.4329145643446,840.6393526204428,22200
2024-06-06,833.2164306640625,838.7835783076977,828.5771409610333,838.7835783076977,23100
2024-06-07,837.855712890625,837.855712890625,831.3607073643411,833.2164232289937,16200
2024-06-10,840.6393432617188,842.495059251259,836.0000532878682,841.5672012564888,31900
2024-06-11,835.0722045898438,841.5672106255425,835.0722045898438,840.6393526204428,41200
2024-06-12,837.855712890625,839.7114287552776,832.2885652966673,833.2164232289937,28800
2024-06-13,834.1443481445312,841.5672121992101,832.2886321308615,841.5672121992101,29400
2024-06-14,838.7836303710938,839.7114883692918,830.4329083873107,833.216482381905,37200
2024-06-17,841.5671997070312,848.0622056584637,839.7114837209076,844.3507736862165,38200
2024-06-18,851.7736206054688,855.4850525035317,846.2064727583742,846.2064727583742,54900
2024-06-19,853.6293334960938,859.1964813232422,850.8457595825195,855.4850494384765,45000
2024-06-20,853.6293334960938,858.2686233520508,849.9179016113281,858.2686233520508,22300
2024-06-21,848.9900512695312,859.1964890443562,847.1343353104721,853.629341167179,35800
2024-06-24,855.485107421875,864.7636877626762,855.485107421875,862.9079716945159,39700
2024-06-25,860.1243896484375,864.7636797759911,857.3408155719053,864.7636797759911,25700
2024-06-26,860.1243896484375,865.6915378015018,860.1243896484375,864.7636797759911,20000
2024-06-27,863.8357543945312,864.763612347694,859.1964646287174,864.763612347694,20300
2024-06-28,858.2686767578125,863.8358249313767,857.3408187288852,863.8358249313767,31900
2024-07-01,853.6293334960938,870.330776977539,853.6293334960938,870.330776977539,50400
2024-07-02,846.2064819335938,858.2686357330858,844.3507659644412,858.2686357330858,49100
2024-07-03,847.1343383789062,850.8457703104676,844.3507644302351,847.1343383789062,23800
2024-07-04,853.6293334960938,856.4129074096679,846.2064697265624,855.4850494384765,36000
2024-07-05,853.6293334960938,856.4129074096679,851.7736175537109,856.4129074096679,14500
2024-07-08,863.8357543945312,863.8357543945312,857.3407487223918,860.1243225818802,23400
2024-07-09,858.2686767578125,864.7636829603041,858.2686767578125,863.8358249313767,26500
2024-07-10,854.5571899414062,857.3407638500101,851.7736160328024,857.3407638500101,38200
2024-07-11,859.1964721679688,862.9079040131868,856.4128982840552,862.9079040131868,23100
2024-07-12,870.330810546875,870.330810546875,861.0522304770789,861.0522304770789,42200
2024-07-16,867.5472412109375,876.8258213308405,867.5472412109375,876.8258213308405,28400
2024-07-17,874.0421752929688,874.0421752929688,868.4750276796377,872.1864594218583,14800
2024-07-18,874.0421752929688,878.6814649707445,872.1864594218583,874.9700332285239,25900
2024-07-19,871.2586669921875,876.8258150240865,868.4750929762381,876.8258150240865,19600
2024-07-22,864.763671875,871.2586779942328,860.1243817898337,869.4029619601663,46400
2024-07-23,865.6915283203125,869.4029603817072,860.1243802282205,860.1243802282205,21500
2024-07-24,861.9800415039062,871.2586210679957,860.1243255910883,870.3307631115867,23900
2024-07-25,852.7015380859375,858.2686863215366,849.9179639681379,858.2686863215366,50200
2024-07-26,860.1243896484375,861.9801056994589,853.6293834698624,853.6293834698624,17100
2024-07-29,869.4028930664062,870.3307510099137,862.9078874618547,870.3307510099137,30900
2024-07-30,887.9600830078125,887.9600830078125,869.402923488318,874.0422133681916,59700
2024-07-31,880.5372314453125,880.5372314453125,870.3307935676535,880.5372314453125,21100
2024-08-01,864.763671875,885.1765482497317,863.8358138579667,885.1765482497317,30700
2024-08-02,836.0000610351562,853.6293630991606,835.0722030317876,853.6293630991606,79100
2024-08-05,779.4006958007812,831.3607421875,775.6892639160156,829.5050262451172,181400
2024-08-06,821.154296875,838.7835981638418,807.2364274364406,807.2364274364406,100300
2024-08-07,835.0722045898438,848.9900746663411,822.0821925184462,835.0722045898438,33200
2024-08-08,835.0722045898438,846.2065006510417,830.4329145643446,831.3607725694444,31800
2024-08-09,837.855712890625,848.9900080785403,833.2164232289937,846.2064342815615,33400
2024-08-13,840.6393432617188,848.9900652146497,836.0000532878682,839.7114852669487,29600
2024-08-14,845.2786254882812,848.990057433345,839.7114775706855,846.2064834745472,26700
2024-08-15,839.7114868164062,847.134350788264,836.9279128269596,846.2064927917818,29200
2024-08-16,841.5671997070312,848.0622056584637,840.6393417139694,848.0622056584637,16800
2024-08-19,848.062255859375,850.8458300033336,840.6393914754855,847.1343978113888,21100
2024-08-20,845.2786254882812,853.6293473646748,843.4229095157493,853.6293473646748,20300
2024-08-21,845.2786254882812,851.7736313921429,843.4229095157493,851.7736313921429,13900
2024-08-22,848.9900512695312,848.9900512695312,843.422903392354,848.0621932900017,23800
2024-08-23,848.9900512695312,852.7014831876494,843.422903392354,847.1343353104721,29300
2024-08-26,876.8258056640625,876.8258056640625,853.6293557787699,857.3407877604167,34800
2024-08-27,875.89794921875,881.4650972010726,869.4029432393737,879.609381206965,35500
2024-08-28,874.0421752929688,877.7536070351894,871.2586014863032,872.1864594218583,26200
2024-08-29,872.1865234375,877.7536714594414,868.4750914228723,868.4750914228723,32700
2024-08-30,874.9700927734375,878.6815247682347,873.1143767760389,873.1143767760389,20200
2024-09-02,881.465087890625,885.1765198396382,879.6093719161184,885.1765198396382,26900
2024-09-03,882.3929443359375,889.8158082209926,881.4650863503056,883.3208023215693,29300
2024-09-04,869.4028930664062,882.3929042755094,868.4750351228989,881.4650463320021,51300
2024-09-05,869.4028930664062,882.3929042755094,866.6193192358842,882.3929042755094,26700
2024-09-06,859.1964721679688,869.4029097423183,858.2686142066643,867.5471938197093,30500
2024-09-09,862.907958984375,864.7636750252016,854.5572368006552,854.5572368006552,29900
2024-09-10,863.8357543945312,872.186475972996,861.0521805350429,872.186475972996,23100
2024-09-11,849.9179077148438,863.8357773826632,845.2786178255706,863.8357773826632,49900
2024-09-12,852.7015380859375,857.3408282822701,847.1343898503384,857.3408282822701,30100
2024-09-13,848.9900512695312,854.5571991467085,845.278619351413,852.7014831876494,26000
2024-09-17,880.5372314453125,880.5372314453125,862.9079296566287,868.4750775898972,52900
2024-09-18,871.2586669921875,880.5372470453525,864.7636609549721,880.5372470453525,32400
2024-09-19,880.5372314453125,880.5372314453125,872.1865095454096,879.6093734564344,26900
2024-09-20,873.1143798828125,881.4651019008203,873.1143798828125,881.4651019008203,29900
2024-09-24,883.32080078125,887.0322327173056,879.6093688451944,882.3929427972361,49100
2024-09-25,887.0322265625,891.6715164503792,884.2486526297724,889.8158004952274,54300
2024-09-26,898.16650390625,902.8057936991542,890.7436402376032,895.3829300305075,70300
2024-09-27,909.3008422851562,918.5794223084741,904.6615522734973,904.6615522734973,105300
2024-09-30,905.58935546875,913.012219038166,896.31077600698,904.661497522573,109800
2024-10-01,923.2186889648438,928.7858368379985,913.0122511973932,918.5793990705481,89700
2024-10-02,923.2186889648438,931.569410774576,922.2908309859846,927.8579788591395,96500
2024-10-03,921.3629760742188,926.9301239659059,919.507260110323,922.2908340561667,83100
2024-10-04,908.3729858398438,925.0744299104435,904.6615538241549,921.3629978947547,146900
2024-10-07,911.1565551757812,923.21870916487,908.3729811782993,922.2908511657093,111300
2024-10-08,909.3008422851562,913.0122742944834,907.4451262804927,912.0844162921516,54000
2024-10-09,910.2286376953125,913.0122115108945,907.4450638797305,913.0122115108945,38800
2024-10-10,905.58935546875,908.372929307281,904.661497522573,908.372929307281,59000
2024-10-11,905.58935546875,916.7236508228739,904.661497522573,908.372929307281,60700
2024-10-15,909.3008422851562,913.9401322968151,908.3729842828244,913.0122742944834,59400
2024-10-16,909.3008422851562,915.7958483014787,906.5172682781608,909.3008422851562,48400
2024-10-17,909.3008422851562,914.867990299147,908.3729842828244,914.867990299147,45100
2024-10-18,909.3008422851562,912.0844162921516,908.3729842828244,912.0844162921516,42400
2024-10-21,916.7236938476562,924.146557765451,913.9401198784832,923.2186997757267,70200
2024-10-22,918.5794067382812,919.5072647248855,914.867974791864,918.5794067382812,39400
2024-10-23,918.5794067382812,920.43512271149,916.7236907650727,918.5794067382812,41800
2024-10-24,919.5072631835938,920.4351211686428,915.7958312433976,918.5794051985447,59500
2024-10-25,915.7958374023438,918.579411376211,915.7958374023438,918.579411376211,67000
2024-10-28,919.5072631835938,920.4351211686428,916.7236892284466,918.5794051985447,103300
2024-10-29,926.9301147460938,926.9301147460938,918.5793929916244,922.2908248824997,187700
2024-10-30,862.0785522460938,873.5347456314239,855.3957727713179,860.169186681872,288800
2024-10-31,857.3051147460938,861.1238457694617,852.5317009668839,860.1691630136197,106400
2024-11-01,831.5286865234375,849.6676590193564,823.8912244198928,849.6676590193564,189000
2024-11-05,829.6193237304688,842.9848824557007,828.6646409643807,840.1208341574368,64000
2024-11-06,833.4380493164062,843.939559674345,831.528683796781,835.3474148360315,58400
2024-11-07,836.3021240234375,841.075537973343,833.4380756534943,833.4380756534943,59700
2024-11-08,830.5740356445312,840.1208636404454,827.709987245757,839.1661808408539,66200
2024-11-11,824.8458862304688,831.5286654013174,822.9365207530834,830.5739826626248,61400
2024-11-12,830.5740356445312,834.3927668428969,826.7553044461656,829.6193528449398,47500
2024-11-13,829.6193237304688,836.3021030930847,828.6646409643807,828.6646409643807,34500
2024-11-14,825.8005981445312,831.5286947790598,822.936549827267,830.5740120066383,53100
2024-11-15,819.1177978515625,826.7552598361925,818.1631151034837,823.8912115919562,65300
2024-11-18,820.072509765625,825.8006064578179,819.1178269835929,819.1178269835929,37300
2024-11-19,810.5256958007812,822.9365721793562,804.7975990106697,821.0272065826524,122900
2024-11-20,811.4803466796875,821.0271742876838,810.5256639188879,812.4350294404871,46300
2024-11-21,809.5709838867188,817.2084459988575,803.8428873026146,811.4803494147534,52500
2024-11-22,813.3897094726562,813.3897094726562,804.7975646542831,808.6162956846712,43000
2024-11-25,811.4803466796875,818.1631260052849,811.4803466796875,812.4350294404871,45400
2024-11-26,809.5709838867188,817.2084459988575,804.7975700666319,811.4803494147534,58600
2024-11-27,797.1600952148438,810.5256536974879,794.2960469685629,809.5709709487276,87100
2024-11-28,801.9335327148438,804.7975810459682,795.2507532755534,795.2507532755534,47700
2024-11-29,797.1600952148438,804.7975572049261,795.2507297173231,800.9788262098849,61800
2024-12-02,798.1148071289062,801.9335382634944,790.4773448597301,797.1601243452593,85300
2024-12-03,800.024169921875,809.5709977252386,798.1148043612022,798.1148043612022,71300
2024-12-04,797.1600952148438,804.7975572049261,796.2054124660834,803.8428744561658,47100
2024-12-05,798.1148071289062,800.9788554798473,794.2960759943182,798.1148071289062,39600
2024-12-06,790.4773559570312,798.1148183334277,788.5679903629322,794.2960871452294,79500
2024-12-09,804.7975463867188,807.6615945945007,792.3866708196638,792.3866708196638,54500
2024-12-10,803.8428955078125,811.4803576979104,801.9335299602881,801.9335299602881,47200
2024-12-11,808.6163330078125,810.5256986111367,804.797601801164,809.5710158094746,27700
2024-12-12,808.6163330078125,814.3444298177852,807.6616502061504,808.6163330078125,52600
2024-12-13,814.3444213867188,817.208469762053,809.5710074278282,815.2991041784968,47000
2024-12-16,812.43505859375,821.981886544323,812.43505859375,817.2084725690364,61400
2024-12-17,803.8428955078125,814.3444060191972,800.0241644127635,814.3444060191972,55900
2024-12-18,793.3413696289062,806.7069282026785,793.3413696289062,806.7069282026785,44300
2024-12-19,788.5679931640625,793.3414071662662,785.7039447627402,790.477358764944,72800
2024-12-20,780.9304809570312,790.4773083525939,778.0664327383624,789.5226256130377,84300
2024-12-23,778.0664672851562,785.7039295407161,775.2024189393213,779.9758328490462,70300
2024-12-24,784.7492065429688,795.2507166061959,779.9757928778655,781.8851583439068,87200
2024-12-25,771.3836669921875,785.7039083348643,765.6555704551168,783.7945428225073,111700
2024-12-26,772.33837890625,778.066475659572,771.3836961140296,772.33837890625,102200
2024-12-27,790.4773559570312,791.4320387540807,779.9758451894861,780.9305279865357,50400
2024-12-30,799.0694580078125,800.0241407533415,790.4773132980511,791.4319960435802,37800
2025-01-06,807.66162109375,808.6163038610003,801.9335244902483,801.9335244902483,34100
2025-01-07,813.3897094726562,815.2990749878503,802.8881991390891,806.7069301694771,34600
2025-01-08,810.5256958007812,814.3444269941889,807.6616474057255,814.3444269941889,29900
2025-01-09,806.7069091796875,814.3443710417437,802.8881782486594,814.3443710417437,25000
2025-01-10,809.5709838867188,809.5709838867188,805.7522528306492,808.6163011227013,14600
2025-01-14,803.8428955078125,811.4803576979104,800.0241644127635,811.4803576979104,33600
2025-01-15,803.8428955078125,804.7975782815747,800.0241644127635,801.9335299602881,24900
2025-01-16,799.0694580078125,804.7975544809868,796.2054097712254,803.8428717354577,24400
2025-01-17,792.38671875,798.1148155120482,790.4773531626506,798.1148155120482,26900
2025-01-20,801.9335327148438,803.8428982689267,795.2507532755534,800.0241671607607,17300
2025-01-21,799.0694580078125,801.9335062443996,794.2960442801673,801.9335062443996,22600
2025-01-22,791.4320068359375,800.9788344214132,791.4320068359375,799.069468904318,26200
2025-01-23,779.975830078125,792.3867061993192,779.0211472995716,792.3867061993192,51000
2025-01-24,782.83984375,787.6132574314024,779.9757955411585,779.9757955411585,22400
2025-01-27,795.250732421875,796.205415173882,786.6585876538115,789.5226359098326,29300
2025-01-28,803.8428955078125,803.8428955078125,795.2507505439523,797.1601160914768,26400
2025-01-29,797.1600952148438,805.7522399536864,797.1600952148438,805.7522399536864,19700
2025-01-30,793.3413696289062,801.9335144263312,793.3413696289062,801.9335144263312,28300
2025-01-31,791.4320068359375,794.2960551115802,786.6585930431996,793.3413723530326,24000
2025-02-03,786.6586303710938,792.3867271941842,782.8398991557001,792.3867271941842,32700
2025-02-04,790.4773559570312,795.250769942279,789.5226731599817,794.2960871452294,26500
2025-02-05,800.024169921875,800.024169921875,792.386707679184,795.2507560201932,20200
2025-02-06,801.9335327148438,802.8882154918853,799.0694843837193,800.0241671607607,20000
2025-02-07,811.4803466796875,815.299077722886,803.8428845932904,805.7522501148896,34500
2025-02-10,816.2537841796875,822.9365636992873,815.2991013911733,820.0725153337445,39600
2025-02-12,821.0271606445312,824.8458916242732,815.2990641749183,816.2537469198537,27600
2025-02-13,828.6646118164062,828.6646118164062,821.9818326888545,824.8458808863767,25300
2025-02-14,822.9365234375,831.5286681137616,821.0271579538863,829.6193026301479,23200
2025-02-17,823.8912353515625,830.5740147808336,821.027187024732,830.5740147808336,18200
2025-02-18,825.8005981445312,828.6646464617955,822.936549827267,828.6646464617955,12200
2025-02-19,826.7552490234375,827.7099317590304,821.9818353454731,825.8005662878446,10800
2025-02-20,826.7552490234375,829.6192972302161,825.8005662878446,829.6192972302161,16200
2025-02-21,831.5286865234375,831.5286865234375,827.7099554716651,827.7099554716651,16200
2025-02-25,830.5740356445312,837.2568152416711,830.5740356445312,832.4834012437141,28200
2025-02-26,831.5286865234375,832.4833692863806,822.9365416569497,830.5740037604944,22000
2025-02-27,831.5286865234375,832.4833692863806,828.6646382346082,830.5740037604944,9900
2025-02-28,834.3927612304688,835.3474440236386,829.6193472646194,830.5740300577893,19200
2025-03-03,838.2114868164062,841.0755351768267,836.3021212427925,837.2568040295994,25900
2025-03-04,846.8035888671875,847.758271605482,838.2114442225374,840.1208096991263,30200
2025-03-05,838.2114868164062,848.7129974712815,836.3021212427925,847.7583146844746,38800
2025-03-06,841.0755004882812,842.9848659831468,833.438038508819,834.3927212562518,24500
2025-03-07,840.120849609375,841.0755323930221,836.302118474787,841.0755323930221,13600
2025-03-10,844.8942260742188,844.8942260742188,840.1208123675848,843.939543332892,18400
2025-03-11,851.5770263671875,856.3504401921157,842.9848814823167,845.8489297772737,52200
2025-03-12,859.2144775390625,859.2144775390625,852.5316982693142,854.4410637749565,21200
2025-03-13,861.1238403320312,867.8066195807277,857.3051093327762,859.2144748324037,39300
2025-03-14,863.033203125,868.7612996059181,861.1238376313606,868.7612996059181,35600
2025-03-17,871.6253662109375,874.4894145117402,865.8972696093323,868.7613179101348,34700
2025-03-18,866.8519287109375,874.4893906379061,866.8519287109375,871.6253424152928,30900
2025-03-19,867.806640625,874.4894200357536,866.8519578520353,866.8519578520353,17300
2025-03-21,877.3534545898438,878.3081373478304,869.7159925259496,872.5800407999099,25900
2025-03-24,880.217529296875,887.8549915901234,878.308163723563,878.308163723563,43700
2025-03-25,880.217529296875,885.9456260168113,878.308163723563,885.9456260168113,24800
2025-03-26,888.8096313476562,892.6283623094077,880.2174866837155,880.2174866837155,36100
2025-03-27,890.718994140625,890.718994140625,884.9908977152834,889.7643114030681,28700
2025-03-28,884.0362548828125,890.7190343473694,883.0815721021615,890.7190343473694,23600
2025-03-31,868.7612915039062,878.30811888307,866.8519260280734,878.30811888307,34900
2025-04-01,865.8972778320312,872.5800572640316,864.9425950560312,872.5800572640316,15900
2025-04-02,854.4411010742188,867.8066601971674,854.4411010742188,867.8066601971674,37200
2025-04-03,849.6676635742188,854.4410774145233,834.392739285244,835.3474220533049,43700
2025-04-04,827.7099609375,842.9848852454585,816.2537677065311,840.1208369377163,78600
2025-04-07,805.7522583007812,817.208451546764,781.8851890383173,801.933527218787,108700
2025-04-08,833.4380493164062,838.2114631154693,816.2537596397793,816.2537596397793,51300
2025-04-09,824.8458862304688,833.4380308787028,816.2537415822347,833.4380308787028,46200
2025-04-10,845.8489379882812,869.7160073446097,843.9395724397749,867.8066417961035,36700
2025-04-11,846.8035888671875,848.7129543437765,842.0301751757153,845.8489061288931,39200
2025-04-14,845.8489379882812,859.2144968278252,844.8942552140281,859.2144968278252,34600
2025-04-15,842.98486328125,851.5770079806059,842.0301805368772,851.5770079806059,22200
2025-04-16,844.8942260742188,845.8489088155455,841.0754951089116,842.9848605915652,11300
2025-04-17,850.6223754882812,850.6223754882812,843.939595882874,848.7130098867364,19300
2025-04-18,856.3504638671875,859.2145122413252,851.5770499102913,859.2145122413252,22400
2025-04-21,859.2144775390625,862.078525797526,857.3051120334201,861.1238430447048,21100
2025-04-22,861.1238403320312,867.8066195807277,858.2597920825899,859.2144748324037,18900
2025-04-23,861.1238403320312,868.7613023305415,859.2144748324037,868.7613023305415,12300
2025-04-24,861.1238403320312,863.9878885814726,859.2144748324037,863.9878885814726,13500
2025-04-25,865.8972778320312,867.8066433840313,861.1238639520311,863.9879122800312,14900
2025-04-28,868.7612915039062,878.30811888307,865.8972432901571,865.8972432901571,23100
2025-04-30,864.9425659179688,864.9425659179688,862.0785176864523,864.9425659179688,19600
2025-05-01,863.9879150390625,864.9425978181112,860.1691839228678,864.9425978181112,11400
2025-05-02,872.580078125,872.580078125,862.0785673379377,863.0332501367615,17500
2025-05-07,894.5377807617188,897.4018291526313,878.3081732132136,878.3081732132136,62700
2025-05-08,904.0845947265625,925.0876159345713,887.8549874294647,894.5377669047402,157000
2025-05-09,902.1752319335938,902.1752319335938,895.4924524377893,898.356500793134,25100
2025-05-12,902.1752319335938,906.9486458591683,898.356500793134,906.9486458591683,26500
2025-05-13,897.4017944335938,905.9939392739154,897.4017944335938,905.9939392739154,20300
2025-05-14,897.4017944335938,902.1752082337724,895.4924289135223,898.3564771936295,17900
2025-05-15,896.4471435546875,899.3111919366514,893.5830951727237,897.4018263486755,11100
2025-05-16,895.492431640625,898.3564799294543,891.6737005888526,898.3564799294543,16800
2025-05-19,902.1752319335938,902.1752319335938,895.4924524377893,898.356500793134,20800
2025-05-20,895.492431640625,904.084576507113,895.492431640625,904.084576507113,14400
2025-05-21,888.8096313476562,897.4017760115971,888.8096313476562,895.4924105307214,15900
2025-05-22,882.1268920898438,888.8096715753729,882.1268920898438,887.8549887917259,16400
2025-05-23,881.1721801757812,885.9455939362135,879.2628146716085,880.2174974236949,12200
2025-05-26,888.8096313476562,889.7643140880941,884.9909003859049,884.9909003859049,7800
2025-05-27,898.3565063476562,898.3565063476562,889.7643612284969,893.5830923925678,16100
2025-05-28,898.3565063476562,903.1299203027447,898.3565063476562,903.1299203027447,11600
2025-05-29,895.492431640625,900.2658454553406,895.492431640625,898.3564799294543,10100
2025-05-30,901.2205200195312,905.0392510365631,894.5377407397253,894.5377407397253,18800
2025-06-02,897.4017944335938,899.3111599536652,894.5377461534865,896.447111673558,20600
2025-06-03,896.4471435546875,897.4018263486755,893.5830951727237,897.4018263486755,10300
2025-06-04,898.3565063476562,899.311189138674,894.5377751835855,894.5377751835855,8100
2025-06-05,901.2205200195312,905.0392510365631,897.4017890024993,901.2205200195312,14900
2025-06-06,899.3111572265625,905.0392537694069,899.3111572265625,903.1298882551254,9500
2025-06-09,902.1752319335938,902.1752319335938,898.356500793134,900.2658663633639,12000
2025-06-10,906.9486083984375,906.9486083984375,904.0845601613898,904.0845601613898,21900
2025-06-11,905.0392456054688,908.8579765995847,905.0392456054688,906.9486111025267,23400
2025-06-12,903.1298828125,907.9032965694371,903.1298828125,907.9032965694371,11300
2025-06-13,903.1298828125,911.7220275749868,903.1298828125,911.7220275749868,17400
2025-06-16,896.4471435546875,904.0846059065912,894.5377779667116,903.1299231126033,26600
2025-06-17,898.3565063476562,905.9939686757979,897.4018235566385,898.3565063476562,16900
2025-06-18,897.4017944335938,902.1752082337724,896.447111673558,902.1752082337724,8200
2025-06-19,896.4471435546875,901.2205575246273,896.4471435546875,901.2205575246273,8300
2025-06-20,892.62841796875,902.1752459684158,892.62841796875,901.2205631684492,12800
2025-06-23,896.4471435546875,898.3565091426634,892.6284123787357,895.4924607606996,14800
2025-06-24,896.4471435546875,897.4018263486755,893.5830951727237,897.4018263486755,10900
2025-06-25,894.5377807617188,896.4471463556605,892.6284151677769,896.4471463556605,11100
2025-06-26,900.265869140625,900.265869140625,893.5830896242046,894.5377724122646,9500
2025-06-27,899.3111572265625,902.1752054979846,898.3564744694218,902.1752054979846,13400
2025-06-30,904.0845947265625,905.9939602909269,902.175229162198,905.0392775087447,10500
2025-07-01,903.1298828125,905.0392483152749,901.2205173097252,903.1298828125,13500
2025-07-02,904.0845947265625,907.9033258552913,902.175229162198,902.175229162198,15700
2025-07-03,899.3111572265625,905.0392537694069,899.3111572265625,902.1752054979846,15500
2025-07-04,899.3111572265625,903.1298882551254,899.3111572265625,902.1752054979846,12000
2025-07-07,899.3111572265625,903.1298882551254,899.3111572265625,903.1298882551254,13800
2025-07-08,901.2205200195312,903.1298855280472,898.3564717567573,900.2658372652733,9100
2025-07-09,910.767333984375,910.767333984375,902.1751893241451,903.1298720641706,15400
2025-07-10,912.6766967773438,914.5860622517733,902.1751866679809,911.7220140401289,23400
2025-07-11,917.4501342773438,917.4501342773438,911.7220377053728,916.4954515153486,19100
2025-07-14,920.314208984375,927.951671299598,920.314208984375,925.0876229313894,25600
2025-07-15,915.540771484375,926.0422818976473,910.7673576601603,925.0875991328044,23800
2025-07-16,915.540771484375,920.3141853085897,911.7220404250032,920.3141853085897,11900
2025-07-17,922.2235717773438,923.1782545638628,918.4048406312678,922.2235717773438,15700
2025-07-18,920.314208984375,925.0876229313894,917.4501606161664,924.1329401419865,11500
2025-07-22,921.2688598632812,926.0422736449563,919.3594943506112,926.0422736449563,18100
2025-07-23,916.4954833984375,923.1782629648844,916.4954833984375,919.3595317840576,17600
2025-07-24,916.4954833984375,926.0423113505045,916.4954833984375,926.0423113505045,24000
2025-07-25,915.540771484375,916.4954542492179,911.7220404250032,916.4954542492179,14100
2025-07-28,915.540771484375,918.4048197789039,912.6767231898461,916.4954542492179,18300
2025-07-29,916.4954833984375,921.2688973744711,913.6314350128174,921.2688973744711,15100
2025-07-30,916.4954833984375,922.2235801696777,915.5408006032308,922.2235801696777,15200
2025-07-31,916.4954833984375,921.2688973744711,914.5861178080241,921.2688973744711,14300
2025-08-01,917.4501342773438,921.2688653253243,916.4954515153486,921.2688653253243,14500
2025-08-04,922.2235717773438,922.2235717773438,917.4501578447488,918.4048406312678,18100
2025-08-05,927.95166015625,927.95166015625,922.2235634886189,924.1329290444959,15200
2025-08-06,930.815673828125,932.7250393129005,927.9516256009615,930.815673828125,17000
2025-08-07,927.95166015625,932.7250740459427,926.9969773783115,932.7250740459427,15300
2025-08-08,927.95166015625,932.7250740459427,927.95166015625,932.7250740459427,17000
2025-08-12,926.9969482421875,931.7703619818486,926.9969482421875,930.8156792339164,21400
2025-08-13,926.9969482421875,930.8156792339164,924.1328999983908,930.8156792339164,22000
2025-08-14,925.0875854492188,927.9516337013835,921.2688544463324,927.9516337013835,23100
2025-08-15,924.1329345703125,924.1329345703125,921.2688862193714,923.1782517866656,17900
2025-08-18,926.0422973632812,926.9969801440681,924.1329318017074,926.0422973632812,16500
2025-08-19,926.0422973632812,927.951662924855,924.1329318017074,926.0422973632812,15900
2025-08-20,926.9969482421875,927.9516309901197,924.1328999983908,924.1328999983908,22900
2025-08-21,924.1329345703125,926.9969829212536,924.1329345703125,926.0423001376066,13000
2025-08-22,926.9969482421875,926.9969482421875,924.1328999983908,925.087582746323,10500
2025-08-25,931.7703857421875,931.7703857421875,927.9516546530801,928.9063374253569,25000
2025-08-26,934.6343994140625,936.54376488784,930.8156684665076,932.725033940285,28600
2025-08-27,937.4984741210938,937.4984741210938,932.7250603017399,937.4984741210938,20500
2025-08-28,943.2265625,944.1812452555668,935.5891004554655,937.4984659665992,49900
2025-08-29,944.1812744140625,945.1359571991121,942.2719088439634,944.1812744140625,39700
2025-09-01,946.0906372070312,948.0000027715257,943.2265888602894,945.135954424784,47000
2025-09-02,948.0,948.9546827794562,945.1359516616315,948.0,36900
2025-09-03,946.0906372070312,948.9546855537731,945.135954424784,948.9546855537731,23500
2025-09-04,946.0906372070312,952.773416682762,946.0906372070312,950.8640511182675,54700
2025-09-05,948.0,950.8640483383687,947.0453172205439,948.0,36300
2025-09-08,951.8187255859375,956.5921394554757,948.9546772642145,954.6827739076605,64700
2025-09-09,955.637451171875,958.5014994770854,950.8640373298576,954.6827684034715,60100
2025-09-10,954.6827392578125,956.5921047363282,950.8640083007813,955.6374219970704,38300
2025-09-11,954.6827392578125,956.5921047363282,952.7733737792969,956.5921047363282,39700
2025-09-12,953.7280883789062,965.1842816327069,952.7734056077562,964.2295988615568,91200
2025-09-16,954.6827392578125,959.4561529541016,950.8640083007813,959.4561529541016,76600
2025-09-17,952.7733764648438,954.6827419487413,948.9546454970488,954.6827419487413,52500
2025-09-18,1095.975830078125,1095.975830078125,1095.975830078125,1095.975830078125,84700
2025-09-19,1179.9879150390625,1202.90030173885,1157.0755283392748,1193.3534739472718,1440100
2025-09-22,1227.7220458984375,1235.3595080813204,1182.851955574,1183.8066383468604,486600
2025-09-24,1294.5498046875,1295.5044874343196,1233.4501088910397,1236.3141571314989,436600
2025-09-25,1288.82177734375,1306.9607505063657,1246.815734230324,1304.0967021122685,255800
2025-09-26,1305.0513916015625,1305.0513916015625,1266.864079484472,1285.9577355430174,173100
2025-09-29,1306.960693359375,1335.6011760480392,1295.5045002839095,1333.6918105354616,359600
2025-09-30,1282.138916015625,1317.4621772908135,1276.4108195926215,1317.4621772908135,207600
2025-10-01,1269.72802734375,1285.002950980968,1260.1812000704888,1263.045248252467,154400
2025-10-02,1267.8187255859375,1279.274918889425,1261.1359461589032,1279.274918889425,123300
2025-10-03,1273.5467529296875,1279.274849269701,1264.954608419667,1267.8186565896738,108100
2025-10-06,1267.8187255859375,1289.7764294176218,1265.9093600353563,1280.2296016647156,208100
2025-10-07,1245.8609619140625,1270.6827128794002,1241.0875482668823,1265.9092992322198,210700
2025-10-08,1257.3172607421875,1269.7281372719128,1245.861067022441,1246.8157498324197,118800
2025-10-09,1248.72509765625,1264.9547051945958,1242.9970008780103,1258.2719256199828,140600
2025-10-10,1247.7703857421875,1253.4984823867576,1243.9516546458074,1251.5891168385676,75800
2025-10-14,1242.042236328125,1249.6796981963994,1242.042236328125,1247.770332729331,131400
2025-10-15,1240.1329345703125,1248.7250796135247,1240.1329345703125,1247.7703968309456,145200
2025-10-16,1241.087646484375,1248.7251089242789,1240.132963679387,1244.9063777043268,147000
2025-10-17,1240.1329345703125,1242.99698291805,1239.1782517877334,1242.0423001354707,90400
2025-10-20,1241.087646484375,1244.9063777043268,1240.132963679387,1243.951694899339,108900
2025-10-21,1240.1329345703125,1245.8610312657875,1240.1329345703125,1243.951665700629,121200
2025-10-22,1242.042236328125,1243.9516017951937,1241.0875535945906,1241.0875535945906,113200
2025-10-23,1253.4984130859375,1254.453095807252,1242.0422204301635,1242.9969031514781,137200
2025-10-24,1256.362548828125,1264.954693918895,1253.498500464535,1259.226597191715,158700
2025-10-27,1260.1812744140625,1268.7734194668858,1258.2719088467686,1265.9093711159446,209500
2025-10-28,1259.2265625,1262.0906107846854,1257.3171969768764,1261.1359280231236,156000
2025-10-29,1264.0,1267.8187311178249,1261.1359516616315,1262.0906344410876,278100
2025-10-30,1118.0,1140.0,1083.0,1084.0,796000
2025-10-31,1097.0,1139.0,1095.0,1121.0,203100
2025-11-04,1070.0,1103.0,1070.0,1099.0,200300
2025-11-05,1063.0,1066.0,1050.0,1064.0,117600
2025-11-06,1059.0,1076.0,1059.0,1074.0,60300
2025-11-07,1067.0,1067.0,1052.0,1053.0,71500
2025-11-10,1085.0,1085.0,1061.0,1067.0,81500
2025-11-11,1081.0,1087.0,1079.0,1087.0,45900
2025-11-12,1102.0,1105.0,1081.0,1081.0,74500
2025-11-13,1098.0,1102.0,1091.0,1102.0,41200
2025-11-14,1092.0,1099.0,1089.0,1093.0,36300
2025-11-17,1081.0,1090.0,1076.0,1089.0,44800
2025-11-18,1074.0,1080.0,1070.0,1075.0,47400
2025-11-19,1072.0,1082.0,1068.0,1068.0,43000
2025-11-20,1080.0,1083.0,1072.0,1083.0,104400
2025-11-21,1087.0,1087.0,1075.0,1077.0,64000
2025-11-25,1085.0,1098.0,1085.0,1090.0,43900
2025-11-26,1089.0,1093.0,1085.0,1088.0,62100
2025-11-27,1087.0,1097.0,1087.0,1091.0,37400
2025-11-28,1112.0,1112.0,1088.0,1088.0,72100
2025-12-01,1108.0,1112.0,1101.0,1112.0,43600
2025-12-02,1100.0,1110.0,1100.0,1110.0,23600
2025-12-03,1082.0,1103.0,1081.0,1100.0,46500
2025-12-04,1093.0,1093.0,1087.0,1092.0,24600
2025-12-05,1100.0,1107.0,1093.0,1097.0,45600
2025-12-08,1100.0,1110.0,1100.0,1100.0,38200
2025-12-09,1097.0,1104.0,1093.0,1100.0,35600
2025-12-10,1099.0,1105.0,1098.0,1103.0,50200
2025-12-11,1097.0,1105.0,1097.0,1100.0,27500
2025-12-12,1102.0,1102.0,1092.0,1092.0,32600
2025-12-15,1119.0,1125.0,1105.0,1105.0,75500
2025-12-16,1159.0,1162.0,1136.0,1136.0,140000
2025-12-17,1130.0,1153.0,1130.0,1153.0,79200
2025-12-18,1137.0,1145.0,1132.0,1135.0,53500
2025-12-19,1155.0,1161.0,1138.0,1141.0,46100
2025-12-22,1159.0,1165.0,1154.0,1156.0,49300
2025-12-23,1162.0,1172.0,1159.0,1160.0,57200
2025-12-24,1148.0,1170.0,1145.0,1170.0,60700
2025-12-25,1157.0,1157.0,1146.0,1148.0,42900
2025-12-26,1183.0,1183.0,1155.0,1157.0,85800
2025-12-29,1202.0,1208.0,1188.0,1190.0,83100
2025-12-30,1204.0,1207.0,1195.0,1198.0,75600
2026-01-05,1206.0,1209.0,1190.0,1206.0,72200
2026-01-06,1207.0,1216.0,1202.0,1206.0,41200
2026-01-07,1210.0,1210.0,1197.0,1207.0,36700
2026-01-08,1226.0,1227.0,1209.0,1209.0,46100
2026-01-09,1233.0,1235.0,1226.0,1230.0,29100
2026-01-13,1220.0,1240.0,1217.0,1239.0,54900
2026-01-14,1224.0,1224.0,1217.0,1220.0,25800
2026-01-15,1219.0,1228.0,1214.0,1219.0,44700
2026-01-16,1209.0,1217.0,1200.0,1214.0,45300
2026-01-19,1206.0,1206.0,1198.0,1205.0,29500
2026-01-20,1201.0,1209.0,1197.0,1206.0,22700
2026-01-21,1199.0,1200.0,1192.0,1197.0,38900
2026-01-22,1204.0,1205.0,1195.0,1196.0,28500
2026-01-23,1207.0,1207.0,1196.0,1200.0,36400
2026-01-26,1211.0,1213.0,1198.0,1207.0,45500
2026-01-27,1200.0,1212.0,1199.0,1211.0,32400
2026-01-28,1195.0,1203.0,1191.0,1203.0,35400
2026-01-29,1191.0,1199.0,1187.0,1199.0,28700
2026-01-30,1208.0,1208.0,1186.0,1186.0,30200
2026-02-02,1218.0,1219.0,1204.0,1208.0,30800
2026-02-03,1217.0,1223.0,1215.0,1219.0,44000
2026-02-04,1216.0,1219.0,1208.0,1217.0,34300
2026-02-05,1215.0,1221.0,1209.0,1217.0,31100
2026-02-06,1206.0,1215.0,1204.0,1215.0,27900
2026-02-09,1212.0,1223.0,1211.0,1215.0,45700
2026-02-10,1222.0,1224.0,1216.0,1219.0,29300
2026-02-12,1225.0,1225.0,1212.0,1222.0,37600
2026-02-13,1223.0,1226.0,1217.0,1225.0,30100
2026-02-16,1233.0,1240.0,1221.0,1223.0,44800
2026-02-17,1231.0,1240.0,1230.0,1240.0,29100
2026-02-18,1233.0,1242.0,1233.0,1235.0,28500
2026-02-19,1250.0,1250.0,1234.0,1236.0,37200
2026-02-20,1250.0,1250.0,1236.0,1250.0,35500
2026-02-24,1248.0,1250.0,1235.0,1250.0,38300
2026-02-25,1250.0,1263.0,1241.0,1248.0,53400
2026-02-26,1258.0,1264.0,1250.0,1250.0,28500
2026-02-27,1275.0,1275.0,1257.0,1258.0,26200
2026-03-02,1262.0,1273.0,1258.0,1262.0,39300
2026-03-03,1245.0,1264.0,1245.0,1261.0,45800
2026-03-04,1231.0,1243.0,1205.0,1220.0,78100
2026-03-05,1270.0,1278.0,1254.0,1260.0,47400
2026-03-06,1278.0,1279.0,1263.0,1272.0,25500
2026-03-09,1270.0,1270.0,1243.0,1261.0,46400
2026-03-10,1282.0,1286.0,1270.0,1276.0,30300
2026-03-11,1284.0,1289.0,1276.0,1288.0,24000
2026-03-12,1268.0,1280.0,1267.0,1280.0,23600
2026-03-13,1255.0,1264.0,1251.0,1251.0,41000
2026-03-16,1245.0,1257.0,1239.0,1251.0,42600
2026-03-17,1258.0,1263.0,1248.0,1250.0,30500
2026-03-18,1300.0,1300.0,1272.0,1288.0,65200
2026-03-19,1274.0,1296.0,1273.0,1296.0,29300
2026-03-23,1255.0,1265.0,1246.0,1265.0,35700
2026-03-24,1271.0,1275.0,1261.0,1261.0,24100
2026-03-25,1288.0,1294.0,1279.0,1280.0,32400
2026-03-26,1263.0,1289.0,1252.0,1288.0,41200
2026-03-27,1258.0,1262.0,1240.0,1258.0,65400
2026-03-30,1248.0,1248.0,1223.0,1240.0,49500
2026-03-31,1249.0,1256.0,1240.0,1250.0,26500
2026-04-01,1252.0,1254.0,1245.0,1246.0,15100
2026-04-02,1242.0,1262.0,1240.0,1254.0,28300
2026-04-03,1240.0,1248.0,1240.0,1242.0,20500
2026-04-06,1234.0,1240.0,1228.0,1240.0,31600
2026-04-07,1240.0,1245.0,1234.0,1238.0,13200
2026-04-08,1249.0,1251.0,1242.0,1250.0,14600
2026-04-09,1230.0,1252.0,1230.0,1250.0,34200
2026-04-10,1219.0,1238.0,1218.0,1238.0,39900
2026-04-13,1210.0,1221.0,1210.0,1219.0,21300
2026-04-14,1210.0,1217.0,1209.0,1211.0,26500
2026-04-15,1213.0,1224.0,1212.0,1212.0,21200
2026-04-16,1212.0,1224.0,1211.0,1220.0,20900
2026-04-17,1216.0,1220.0,1214.0,1216.0,15200
2026-04-20,1213.0,1222.0,1210.0,1217.0,23600
2026-04-21,1212.0,1219.0,1211.0,1219.0,14200
2026-04-22,1210.0,1218.0,1210.0,1211.0,21700
2026-04-23,1203.0,1212.0,1203.0,1212.0,34400
2026-04-24,1201.0,1206.0,1200.0,1202.0,22900
